Site,Date,TOTN,TOTP
2,4/7/2006,70.86,1.27
2,5/25/2006,76.94,1.37
2,6/27/2006,68.29,1.35
2,7/18/2006,51.22,1.43
2,8/25/2006,41.29,0.84
2,9/26/2006,39.64,0.64
2,10/23/2006,39.23,0.66
2,11/15/2006,35.91,0.43
2,12/13/2006,36.50,0.34
2,1/17/2007,61.12,0.37
2,2/27/2007,33.33,0.35
2,4/4/2007,55.39,0.30
2,5/3/2007,32.69,1.42
2,6/4/2007,40.31,1.72
2,6/25/2007,38.07,0.61
2,8/8/2007,40.59,0.42
2,8/29/2007,48.69,0.38
2,9/20/2007,57.90,0.27
2,11/15/2007,37.33,1.84
2,12/15/2007,46.23,0.50
2,1/24/2008,50.63,0.30
2,4/4/2008,50.73,0.32
2,6/4/2008,92.44,0.34
2,7/8/2008,38.64,0.24
2,8/5/2008,49.74,0.27
2,9/18/2008,76.51,0.30
2,10/7/2008,82.18,0.28
2,11/6/2008,58.61,0.40
2,1/4/2009,38.22,1.91
2,3/31/2009,80.88,1.24
2,5/13/2009,142.78,1.21
2,6/25/2009,123.19,0.82
2,8/7/2009,78.53,1.38
2,9/16/2009,97.38,0.37
2,11/13/2009,75.12,0.37
2,1/21/2010,95.70,0.63
2,3/18/2010,64.63,0.15
2,4/22/2010,103.23,0.17
2,6/22/2010,121.20,0.41
2,2/2/2011,72.21,0.24
2,3/31/2011,71.09,1.33
2,5/18/2011,112.47,0.51
2,6/28/2011,99.81,0.47
2,9/9/2011,101.53,0.59
2,10/10/2011,85.07,0.67
2,10/31/2011,65.07,0.46
2,12/1/2011,64.53,0.62
2,2/9/2012,73.37,0.41
2,3/19/2012,85.72,0.62
2,4/19/2012,76.44,0.64
2,5/30/2012,74.05,0.73
2,7/5/2012,57.93,0.66
2,8/14/2012,55.10,0.34
2,9/13/2012,58.93,0.52
2,10/11/2012,51.73,0.51
2,11/6/2012,40.50,0.46
2,12/5/2012,51.66,0.41
2,1/14/2013,46.08,0.63
2,2/26/2013,51.48,0.39
2,3/21/2013,52.03,0.14
2,4/16/2013,48.18,0.25
2,5/16/2013,52.28,0.53
2,6/12/2013,48.91,0.42
2,8/7/2013,36.04,0.32
4A,5/7/2014,42.26,0.46
4A,7/9/2014,50.41,0.35
4A,9/3/2014,55.94,0.69
4A,11/5/2014,54.83,0.33
4A,1/14/2015,63.27,0.30
4A,4/10/2015,85.57,0.56
4A,5/12/2015,76.49,0.46
4A,9/28/2015,89.27,0.61
4A,12/15/2015,102.43,0.88
4A,2/4/2016,200.59,0.67
4A,4/29/2016,70.81,0.97
4A,6/24/2016,103.41,1.21
4A,9/2/2016,86.66,1.86
4A,11/21/2016,64.60,1.24
4A,03/02/2017,101.29,1.53
4A,05/30/2017,100.69,1.55
4A,11/07/2017,73.60,0.65
4A,02/07/2018,80.70,0.96
4A,06/08/2018,170.89,1.65
4A,9/27/2018,93.43,0.71
4,9/13/2013,43.92,0.50
4,11/20/2013,35.29,0.23
4,2/6/2014,35.69,0.95
4,5/7/2014,36.29,0.46
4,7/9/2014,42.74,0.39
4,9/3/2014,50.70,0.35
4,11/5/2014,54.04,0.27
4,1/14/2015,62.53,0.24
4,4/10/2015,73.99,0.47
4,5/12/2015,79.49,0.58
4,9/28/2015,92.17,0.61
4,12/15/2015,93.64,0.73
4,2/4/2016,83.40,0.77
4,4/29/2016,70.46,0.90
4,6/24/2016,98.57,1.15
4,9/2/2016,84.55,1.76
4,11/21/2016,59.85,1.42
4,03/02/2017,103.61,1.15
4,05/30/2017,107.47,1.40
4,11/07/2017,75.07,0.60
4,02/07/2018,78.61,0.62
4,06/08/2018,158.34,1.40
4,9/27/2018,91.81,0.68
5,9/13/2013,44.89,0.31
5,11/20/2013,31.07,0.24
5,2/6/2014,32.40,0.36
5,5/7/2014,43.06,0.46
5,7/9/2014,47.22,0.36
5,9/3/2014,52.48,0.39
5,11/5/2014,54.84,0.26
5,1/14/2015,61.77,0.28
5,4/10/2015,73.72,0.39
5,5/12/2015,75.63,0.63
5,9/28/2015,111.05,0.73
5,12/15/2015,103.28,0.89
5,2/4/2016,87.77,0.85
5,4/29/2016,89.53,0.98
5,6/24/2016,111.25,1.35
5,9/2/2016,102.95,1.77
5,11/21/2016,82.54,1.60
5,3/2/2017,102.08,1.54
5,5/30/2017,109.18,1.26
5,11/7/2017,82.10,0.65
5,2/7/2018,75.01,0.56
5,6/8/2018,157.22,1.30
5,9/27/2018,102.53,0.64
6,5/7/2014,39.19,0.45
6,7/9/2014,41.97,0.34
6,9/3/2014,53.84,0.35
6,11/5/2014,55.89,0.25
6,1/14/2015,64.33,0.28
6,4/10/2015,68.37,0.39
6,5/12/2015,67.10,0.53
7,5/7/2014,40.42,0.44
7,7/9/2014,52.04,0.42
7,9/3/2014,57.28,0.48
7,11/5/2014,60.94,0.36
7,1/14/2015,73.69,0.34
7,4/10/2015,88.23,0.68
7,5/12/2015,82.95,0.94
7,9/28/2015,100.73,0.77
7,12/15/2015,102.82,0.90
7,2/4/2016,88.27,0.96
7,4/29/2016,85.73,1.07
7,6/24/2016,105.20,1.26
7,9/2/2016,102.18,1.19
7,11/21/2016,76.28,1.72
7,3/2/2017,104.02,1.16
7,5/30/2017,101.29,1.28
7,11/7/2017,79.93,0.66
7,2/7/2018,81.35,0.64
7,6/8/2018,171.71,1.57
7,9/27/2018,109.34,0.60
8,4/7/2006,76.94,1.27
8,5/25/2006,79.92,1.35
8,6/27/2006,68.11,1.29
8,7/18/2006,53.94,1.45
8,8/25/2006,41.24,0.75
8,9/26/2006,39.95,0.73
8,10/23/2006,46.36,0.78
8,11/15/2006,42.86,0.62
8,12/13/2006,40.37,0.31
8,1/17/2007,62.90,0.41
8,2/27/2007,34.76,0.60
8,4/4/2007,59.77,0.41
8,5/3/2007,36.39,1.76
8,6/4/2007,41.07,2.01
8,6/25/2007,35.82,0.61
8,8/8/2007,36.77,0.40
8,8/29/2007,44.35,0.44
8,9/20/2007,54.50,1.02
8,11/15/2007,39.73,0.74
8,12/15/2007,44.80,0.71
8,1/24/2008,46.58,0.40
8,4/4/2008,50.98,0.43
8,6/4/2008,89.18,0.37
8,7/8/2008,33.47,0.24
8,8/5/2008,37.39,0.41
8,9/18/2008,99.36,0.72
8,10/7/2008,86.58,0.29
8,11/6/2008,52.24,0.45
8,1/4/2009,33.69,2.27
8,3/31/2009,58.26,1.06
8,5/13/2009,121.05,0.74
8,6/25/2009,143.15,0.78
8,8/7/2009,78.80,1.62
8,9/16/2009,117.41,0.68
8,11/13/2009,87.77,1.56
8,1/21/2010,101.86,1.15
8,3/18/2010,66.29,0.13
8,4/22/2010,92.31,0.31
8,6/22/2010,153.99,0.32
8,2/2/2011,81.74,0.32
8,3/31/2011,87.01,1.02
8,5/18/2011,100.74,0.56
8,6/28/2011,117.36,0.50
8,9/9/2011,114.71,0.72
8,10/10/2011,100.35,0.67
8,10/31/2011,81.87,0.61
8,12/1/2011,76.70,0.65
8,2/9/2012,79.26,0.51
8,3/19/2012,82.07,0.46
8,4/19/2012,91.24,0.70
8,5/30/2012,76.22,0.70
8,7/5/2012,88.42,2.92
8,8/14/2012,55.53,0.36
8,9/13/2012,60.07,0.47
8,10/11/2012,47.51,0.42
8,11/6/2012,48.27,0.50
8,12/5/2012,48.09,0.41
8,1/14/2013,49.48,0.47
8,2/26/2013,56.04,0.44
8,3/21/2013,63.89,0.18
8,4/16/2013,54.47,0.33
8,5/16/2013,62.49,0.35
8,6/12/2013,49.73,0.38
8,8/7/2013,34.43,0.34
8,5/7/2014,48.35,0.43
8,7/9/2014,57.58,0.55
8,9/3/2014,64.39,0.52
8,11/5/2014,67.02,0.44
8,1/14/2015,68.94,0.43
8,4/10/2015,87.05,0.79
8,5/12/2015,90.18,0.83
8,9/28/2015,98.45,0.67
8,12/15/2015,102.75,0.90
8,2/4/2016,90.79,1.08
8,4/29/2016,54.16,1.55
8,6/24/2016,133.07,1.26
8,9/2/2016,100.34,1.19
8,11/21/2016,78.50,1.90
8,3/2/2017,113.88,1.33
8,5/30/2017,98.06,0.93
8,11/7/2017,86.32,0.70
8,2/7/2018,88.39,0.82
8,6/8/2018,167.58,1.53
8,9/27/2018,105.83,0.62
9,9/13/2013,50.37,0.44
9,11/20/2013,42.14,0.32
9,2/6/2014,37.53,0.42
9,5/7/2014,49.99,0.45
9,7/9/2014,51.98,0.48
9,9/3/2014,66.57,0.50
9,11/5/2014,66.18,0.45
9,1/14/2015,74.28,0.41
9,4/10/2015,90.63,0.86
9,5/12/2015,84.62,0.81
9,9/28/2015,103.81,0.80
9,12/15/2015,108.78,0.98
9,2/4/2016,107.92,1.08
9,4/29/2016,73.77,1.52
9,6/24/2016,98.42,1.15
9,9/2/2016,106.62,1.25
9,11/21/2016,82.43,1.94
9,3/2/2017,95.56,1.02
9,5/30/2017,107.76,0.97
9,11/7/2017,90.01,0.84
9,2/7/2018,100.31,0.97
9,6/8/2018,175.08,1.88
9,9/27/2018,107.56,0.74
9C,5/7/2014,53.86,0.44
9C,7/9/2014,61.22,0.51
9C,9/3/2014,69.82,0.55
9C,11/5/2014,64.26,0.42
9C,1/14/2015,69.65,0.38
9C,4/10/2015,85.45,0.84
9C,5/12/2015,87.55,0.85
10,5/7/2014,53.08,0.52
10,7/9/2014,57.66,0.46
10,9/3/2014,77.27,0.77
10,11/5/2014,78.33,0.84
10,1/14/2015,70.67,0.66
10,4/10/2015,98.95,0.76
10,5/12/2015,87.55,0.87
12,9/13/2013,59.44,0.54
12,11/20/2013,45.60,0.37
12,2/6/2014,42.60,0.57
12,5/7/2014,56.74,0.49
12,7/9/2014,55.65,0.58
12,9/3/2014,76.33,0.73
12,11/5/2014,74.22,0.64
12,1/14/2015,73.68,0.72
12,4/10/2015,99.86,0.87
12,5/12/2015,85.27,0.83
12,9/28/2015,108.27,1.11
12,12/15/2015,122.60,1.16
12,2/4/2016,108.96,1.12
12,4/29/2016,106.32,1.76
12,6/24/2016,132.83,1.29
12,9/2/2016,97.36,1.30
12,11/21/2016,80.92,1.07
12,3/2/2017,98.87,1.01
12,5/30/2017,89.57,0.84
12,11/7/2017,117.03,1.35
12,2/7/2018,116.03,1.39
12,6/8/2018,200.45,0.79
12,9/27/2018,122.60,0.71
12C,5/7/2014,54.99,0.48
12C,7/9/2014,53.74,0.58
12C,9/3/2014,76.41,0.75
12C,11/5/2014,71.45,0.72
12C,1/14/2015,74.96,0.69
12C,4/10/2015,99.73,1.10
12C,5/12/2015,91.08,0.90
13,4/7/2006,86.75,1.27
13,5/25/2006,80.64,1.11
13,6/2/2006,76.73,1.56
13,6/27/2006,74.14,1.29
13,7/18/2006,52.70,1.64
13,8/25/2006,45.57,0.76
13,9/26/2006,45.26,1.16
13,10/23/2006,55.48,0.96
13,11/15/2006,47.48,0.68
13,12/13/2006,49.16,0.68
13,1/17/2007,83.57,0.79
13,2/27/2007,44.55,0.80
13,4/4/2007,70.51,0.39
13,5/3/2007,39.22,0.67
13,6/4/2007,42.29,0.75
13,6/25/2007,47.79,1.02
13,8/8/2007,44.92,0.48
13,8/29/2007,44.32,0.43
13,9/20/2007,60.56,1.07
13,11/15/2007,45.34,0.65
13,12/15/2007,44.72,0.54
13,1/24/2008,48.00,0.32
13,4/4/2008,53.13,0.40
13,6/4/2008,97.35,0.36
13,7/8/2008,36.70,0.36
13,8/5/2008,38.45,0.47
13,9/18/2008,85.48,0.31
13,10/7/2008,96.99,0.82
13,11/6/2008,62.01,0.69
13,1/4/2009,37.96,2.90
13,3/31/2009,66.25,0.64
13,5/13/2009,129.37,0.52
13,6/25/2009,122.38,0.78
13,8/7/2009,90.97,0.93
13,9/16/2009,135.57,1.00
13,11/13/2009,70.81,0.61
13,1/21/2010,63.02,0.69
13,3/18/2010,75.91,0.23
13,4/22/2010,97.11,0.24
13,6/22/2010,98.19,0.33
13,2/2/2011,68.06,0.33
13,3/31/2011,87.57,1.21
13,5/18/2011,118.82,0.41
13,6/28/2011,127.67,0.46
13,9/9/2011,142.35,0.79
13,10/10/2011,117.66,0.78
13,10/31/2011,108.03,0.83
13,12/1/2011,96.87,0.73
13,2/9/2012,93.49,0.52
13,3/19/2012,95.63,0.65
13,4/19/2012,97.00,0.66
13,5/30/2012,85.38,1.08
13,7/5/2012,84.76,0.90
13,8/14/2012,68.30,0.44
13,9/13/2012,75.47,0.67
13,10/11/2012,62.98,0.60
13,11/6/2012,58.96,0.76
13,12/5/2012,65.60,0.74
13,1/14/2013,67.92,0.88
13,2/26/2013,69.37,0.68
13,3/21/2013,63.24,0.28
13,4/16/2013,63.88,0.71
13,5/16/2013,75.45,0.63
13,6/12/2013,71.97,0.79
13,8/7/2013,57.85,0.49
13,5/7/2014,54.70,0.44
13,7/9/2014,63.25,0.65
13,9/3/2014,70.55,0.44
13,11/5/2014,81.32,0.75
13,1/14/2015,76.85,0.74
13,4/10/2015,100.15,0.90
13,5/12/2015,85.57,0.83
13,9/28/2015,106.53,0.89
13,12/15/2015,118.66,1.14
13,2/4/2016,111.53,1.26
13,4/29/2016,97.18,1.77
13,6/24/2016,103.58,1.21
13,9/2/2016,91.42,1.27
13,11/21/2016,78.09,1.57
13,3/2/2017,97.28,1.01
13,5/30/2017,87.15,0.90
13,11/7/2017,128.45,1.58
13,2/7/2018,115.28,1.42
13,6/8/2018,210.31,0.88
13,9/27/2018,119.88,0.88
14,9/13/2013,67.82,0.60
14,11/20/2013,41.50,0.20
14,2/6/2014,44.89,0.62
14,5/7/2014,56.29,0.61
14,7/9/2014,60.32,0.48
14,9/3/2014,72.90,0.72
14,11/5/2014,75.91,0.62
14,1/14/2015,71.99,0.65
14,4/10/2015,104.35,0.56
14,5/12/2015,83.73,0.64
15,9/13/2013,64.17,0.81
15,11/20/2013,40.12,0.30
15,2/6/2014,46.90,0.40
15,5/7/2014,47.80,0.33
15,7/9/2014,63.29,0.24
15,9/3/2014,70.63,0.65
15,11/5/2014,76.18,0.71
15,1/14/2015,72.84,0.37
15,4/10/2015,81.31,0.33
15,5/12/2015,70.93,0.24
15,9/28/2015,112.47,0.82
15,12/15/2015,109.18,1.13
15,2/4/2016,113.62,1.09
15,4/29/2016,91.50,1.24
15,6/24/2016,123.52,0.87
15,9/2/2016,84.82,1.07
15,11/21/2016,75.14,1.49
15,3/2/2017,83.29,0.36
15,5/30/2017,74.30,0.33
15,11/7/2017,117.60,1.40
15,2/7/2018,123.87,1.36
15,6/8/2018,140.51,1.43
15,9/27/2018,139.56,0.98
16,9/13/2013,68.73,0.69
16,11/20/2013,39.90,0.69
16,2/6/2014,45.68,0.39
16,5/7/2014,53.22,0.33
16,7/9/2014,64.38,0.45
16,9/3/2014,68.35,1.11
16,11/5/2014,80.85,1.16
16,1/14/2015,69.28,0.31
16,4/10/2015,85.97,0.35
16,5/12/2015,67.55,0.29
17,4/7/2006,80.21,0.81
17,5/25/2006,66.84,0.57
17,6/2/2006,66.62,0.85
17,6/27/2006,55.96,0.61
17,7/18/2006,52.58,1.48
17,8/25/2006,47.29,0.86
17,9/26/2006,47.23,1.41
17,10/23/2006,66.48,1.08
17,11/15/2006,48.25,0.79
17,12/13/2006,56.67,0.58
17,1/17/2007,93.72,0.68
17,2/27/2007,48.64,0.68
17,4/4/2007,61.70,0.28
17,5/3/2007,36.55,0.68
17,6/4/2007,39.38,0.64
17,6/25/2007,45.84,0.93
17,8/8/2007,46.96,0.42
17,8/29/2007,46.22,0.40
17,9/20/2007,67.11,1.54
17,11/15/2007,44.56,0.52
17,12/15/2007,48.40,0.68
17,1/24/2008,66.36,0.30
17,4/4/2008,55.60,0.29
17,6/4/2008,93.97,0.31
17,7/8/2008,32.20,0.20
17,8/5/2008,42.49,0.44
17,9/18/2008,83.42,0.53
17,10/7/2008,90.49,0.53
17,11/6/2008,63.04,0.45
17,1/4/2009,38.38,0.85
17,3/31/2009,49.45,0.23
17,5/13/2009,89.01,0.34
17,6/25/2009,79.87,0.24
17,8/7/2009,78.96,0.72
17,9/16/2009,119.84,0.96
17,11/13/2009,106.03,0.63
17,1/21/2010,64.26,0.46
17,3/18/2010,95.63,0.16
17,4/22/2010,84.66,0.10
17,6/22/2010,117.45,0.33
17,2/2/2011,80.53,0.27
17,3/31/2011,78.90,0.36
17,5/18/2011,96.92,0.37
17,6/28/2011,89.93,0.40
17,9/9/2011,142.30,0.91
17,10/10/2011,152.79,0.75
17,10/31/2011,113.18,0.73
17,12/1/2011,106.97,0.70
17,2/9/2012,71.94,0.19
17,3/19/2012,82.21,0.24
17,4/19/2012,81.76,0.36
17,5/30/2012,86.01,0.95
17,7/5/2012,76.49,0.87
17,8/14/2012,69.80,0.48
17,9/13/2012,74.69,0.58
17,10/11/2012,60.75,0.55
17,11/6/2012,67.99,0.98
17,12/5/2012,72.18,0.91
17,1/14/2013,85.69,1.28
17,2/26/2013,100.50,0.38
17,3/21/2013,63.37,0.19
17,4/16/2013,64.50,0.38
17,5/16/2013,72.89,0.65
17,6/12/2013,71.01,0.54
17,8/7/2013,63.86,0.66
17,9/13/2013,66.86,0.69
17,11/20/2013,37.98,0.82
17,2/6/2014,42.63,0.45
17,5/7/2014,49.85,0.41
17,7/9/2014,59.25,0.32
17,9/3/2014,72.03,0.68
17,11/5/2014,79.05,0.61
17,1/14/2015,72.11,0.37
17,4/10/2015,105.68,0.43
17,5/12/2015,77.49,0.38
17,9/28/2015,114.34,0.77
17,12/15/2015,115.44,1.15
17,2/4/2016,97.28,1.08
17,4/29/2016,84.72,0.88
17,6/24/2016,119.22,0.78
17,9/2/2016,81.02,0.62
17,11/21/2016,80.76,1.43
17,3/2/2017,93.84,0.57
17,5/30/2017,77.15,0.39
17,11/7/2017,98.47,1.16
17,2/7/2018,125.87,1.35
17,6/8/2018,183.26,2.42
17,9/27/2018,135.08,1.01
18,9/13/2013,61.38,0.74
18,11/20/2013,45.75,0.47
18,2/6/2014,44.24,0.41
18,5/7/2014,48.25,0.34
18,7/9/2014,59.66,0.49
18,9/3/2014,71.99,0.54
18,11/5/2014,76.57,0.60
18,1/14/2015,67.62,0.33
18,4/10/2015,83.00,0.35
18,5/12/2015,65.60,0.26
19,9/13/2013,53.00,0.34
19,11/20/2013,37.40,0.34
19,2/6/2014,45.50,0.39
19,5/7/2014,48.19,0.35
19,7/9/2014,53.33,0.26
19,9/3/2014,60.90,0.33
19,11/5/2014,72.23,0.26
19,1/14/2015,71.40,0.33
19,4/10/2015,74.72,0.32
19,5/12/2015,62.14,0.28
19,9/28/2015,118.33,0.57
19,12/15/2015,101.74,0.84
19,2/4/2016,115.87,0.82
19,4/29/2016,85.42,0.43
19,6/24/2016,82.27,0.55
19,9/2/2016,84.78,0.63
19,11/21/2016,75.80,1.38
19,3/2/2017,73.97,0.23
19,5/30/2017,87.93,0.35
19,11/7/2017,106.56,1.31
19,2/7/2018,139.61,1.46
19,6/8/2018,155.97,1.66
19,9/27/2018,140.94,1.01
20,9/13/2013,51.94,0.33
20,11/20/2013,39.18,0.70
20,2/6/2014,47.52,0.34
20,5/7/2014,51.02,0.26
20,7/9/2014,54.95,0.31
20,9/3/2014,70.17,0.49
20,11/5/2014,78.66,0.27
20,1/14/2015,66.18,0.23
20,4/10/2015,67.95,0.23
20,5/12/2015,55.05,0.17
21,9/13/2013,49.27,0.27
21,11/20/2013,38.02,0.19
21,2/6/2014,45.88,0.23
21,5/7/2014,49.22,0.28
21,7/9/2014,55.59,0.34
21,9/3/2014,64.13,0.24
21,11/5/2014,65.78,0.32
21,1/14/2015,64.75,0.21
21,4/10/2015,72.99,0.22
21,5/12/2015,54.08,0.20
21,9/28/2015,107.91,0.54
21,12/15/2015,78.37,0.26
21,2/4/2016,107.76,0.64
21,4/29/2016,77.70,0.31
21,6/24/2016,84.70,0.60
21,9/2/2016,86.97,0.55
21,11/21/2016,63.29,1.30
21,3/2/2017,70.23,0.27
21,5/30/2017,83.30,0.33
21,11/7/2017,98.15,1.03
21,2/7/2018,109.09,0.79
21,6/8/2018,108.01,0.68
21,9/27/2018,128.97,0.77
23,5/8/2014,142.55,2.73
23,7/11/2014,190.23,2.53
23,9/5/2014,151.37,1.41
23,11/12/2014,190.08,1.84
23,1/16/2015,155.90,1.98
23,4/1/2015,198.32,2.38
23,5/18/2015,207.16,7.82
24,9/24/2013,67.39,0.45
24,11/15/2013,60.76,0.69
24,1/30/2014,60.02,1.21
24,3/12/2014,84.25,1.81
24,5/8/2014,146.46,2.66
24,7/11/2014,169.75,3.07
24,9/5/2014,159.02,1.88
24,11/12/2014,161.98,1.78
24,1/16/2015,151.57,1.92
24,4/1/2015,207.66,2.48
24,5/18/2015,161.52,2.27
24,10/14/2015,204.86,1.36
24,12/17/2015,198.70,1.97
24,2/24/2016,238.29,2.80
24,5/3/2016,175.90,2.62
24,7/6/2016,209.54,2.87
24,9/7/2016,175.99,1.58
24,11/16/2016,131.42,1.27
24,2/14/2017,157.30,1.53
24,6/21/2017,132.85,1.40
24,11/2/2017,173.74,1.63
24,2/12/2018,189.43,2.10
24,7/10/2018,194.42,3.07
24,10/5/2018,135.85,1.29
24C,7/11/2014,190.63,2.81
24C,9/5/2014,139.33,1.66
24C,11/12/2014,141.98,1.74
24C,1/16/2015,151.27,1.89
24C,4/1/2015,197.48,2.22
24C,5/18/2015,168.28,2.90
25,9/24/2013,67.37,0.48
25,11/15/2013,57.71,0.82
25,1/30/2014,63.39,0.93
25,3/12/2014,81.54,1.57
25,5/8/2014,162.11,3.79
25,7/11/2014,191.04,3.26
25,9/5/2014,171.68,1.67
25,11/12/2014,155.39,1.72
25,1/16/2015,141.56,1.67
25,4/1/2015,195.63,2.28
25,5/18/2015,169.27,2.76
25C,5/8/2014,149.97,3.43
25C,7/11/2014,178.03,3.60
25C,9/5/2014,169.17,1.67
25C,11/12/2014,142.43,1.74
25C,1/16/2015,136.69,1.64
25C,4/1/2015,185.89,2.09
25C,5/18/2015,171.30,2.60
27,5/8/2014,143.02,3.65
27,7/11/2014,181.88,3.08
27,9/5/2014,160.85,1.77
27,11/12/2014,133.87,1.86
27,1/16/2015,134.20,1.70
27,4/1/2015,217.53,2.32
27,5/18/2015,191.92,2.62
27,10/14/2015,204.14,1.50
27,12/17/2015,200.94,1.90
27,2/24/2016,158.63,2.68
27,5/3/2016,205.49,2.69
27,7/6/2016,167.22,1.74
27,9/7/2016,177.50,2.43
27,11/16/2016,131.29,1.96
27,2/14/2017,138.21,1.46
27,6/21/2017,156.06,1.37
27,11/2/2017,161.90,1.46
27,2/12/2018,174.56,1.60
27,7/10/2018,163.79,2.24
27,10/5/2018,140.89,1.17
28,4/26/2006,74.48,4.95
28,5/29/2006,110.86,3.32
28,6/30/2006,75.01,3.55
28,7/21/2006,118.91,3.85
28,9/7/2006,58.54,2.45
28,9/22/2006,66.01,2.00
28,10/17/2006,68.52,1.97
28,11/16/2006,71.96,1.99
28,12/21/2006,75.73,1.44
28,1/23/2007,149.42,3.61
28,2/15/2007,64.32,2.64
28,3/12/2007,124.23,4.32
28,4/24/2007,72.68,3.23
28,6/5/2007,74.31,4.78
28,6/29/2007,82.38,3.03
28,8/2/2007,66.91,2.48
28,8/22/2007,71.50,2.43
28,10/5/2007,76.33,1.95
28,11/20/2007,99.92,1.89
28,12/18/2007,77.15,1.92
28,1/9/2008,108.66,2.07
28,2/4/2008,137.04,2.47
28,3/7/2008,136.68,3.59
28,4/23/2008,140.56,3.65
28,5/28/2008,303.44,4.24
28,6/24/2008,262.28,3.12
28,8/7/2008,44.00,2.00
28,9/2/2008,85.21,2.59
28,10/8/2008,116.79,1.46
28,11/10/2008,72.14,2.08
28,12/30/2008,76.23,0.64
28,1/29/2009,190.45,3.89
28,4/6/2009,193.42,5.52
28,5/16/2009,342.27,2.07
28,7/1/2009,236.41,1.88
28,8/11/2009,129.02,2.94
28,9/28/2009,221.43,2.43
28,11/12/2009,214.37,2.54
28,1/20/2010,168.07,3.12
28,3/19/2010,265.92,2.42
28,6/17/2010,257.05,2.26
28,2/8/2011,155.22,2.07
28,4/14/2011,167.54,5.29
28,5/11/2011,194.35,4.79
28,6/30/2011,184.92,3.07
28,8/4/2011,150.78,2.41
28,9/15/2011,202.49,1.47
28,10/7/2011,198.05,1.88
28,11/3/2011,208.19,1.95
28,12/2/2011,195.01,1.39
28,2/22/2012,200.97,1.35
28,3/12/2012,211.54,1.72
28,4/27/2012,112.43,3.28
28,6/13/2012,182.88,2.89
28,8/1/2012,177.83,1.78
28,9/11/2012,161.42,1.70
28,10/5/2012,140.65,1.66
28,11/8/2012,131.00,1.92
28,12/27/2012,110.49,2.52
28,1/15/2013,125.58,2.20
28,2/19/2013,144.68,1.70
28,3/20/2013,153.59,0.87
28,4/18/2013,155.78,2.50
28,5/21/2013,166.73,1.77
28,6/11/2013,125.92,1.02
28,8/13/2013,69.19,0.48
28,5/8/2014,150.00,3.26
28,7/11/2014,197.57,3.55
28,9/5/2014,149.43,1.54
28,11/12/2014,118.46,1.72
28,1/16/2015,144.91,1.92
28,4/1/2015,210.98,2.11
28,5/18/2015,165.63,2.74
28,10/14/2015,206.20,1.49
28,12/17/2015,205.44,2.15
28,2/24/2016,186.60,2.80
28,5/3/2016,196.02,2.69
28,7/6/2016,199.79,1.80
28,9/7/2016,177.29,1.51
28,11/16/2016,128.22,1.15
28,2/14/2017,142.63,1.36
28,6/21/2017,118.96,1.30
28,11/2/2017,165.42,1.45
28,2/12/2018,181.39,1.87
28,7/10/2018,162.86,2.18
28,10/5/2018,127.69,0.56
29,7/11/2014,207.93,3.47
29,9/5/2014,177.83,2.24
29,11/12/2014,102.22,2.09
29,1/16/2015,151.55,2.09
29,4/1/2015,276.37,3.92
29,5/18/2015,154.19,2.83
29,10/14/2015,198.36,1.91
29,12/17/2015,191.18,2.75
29,2/24/2016,133.68,3.67
29,5/3/2016,200.01,3.92
29,7/6/2016,204.56,2.54
29,9/10/2016,178.90,2.96
29,11/16/2016,110.78,1.94
29,2/14/2017,177.83,2.33
29,6/21/2017,124.29,1.51
29,11/2/2017,158.24,1.94
29,2/12/2018,190.39,3.03
29,7/10/2018,222.04,4.77
29,10/5/2018,182.89,2.10
30,4/26/2006,97.17,3.12
30,5/31/2006,94.01,2.12
30,6/30/2006,77.80,2.94
30,7/21/2006,93.55,7.93
30,9/7/2006,61.83,3.44
30,9/22/2006,66.05,3.62
30,10/17/2006,73.59,2.03
30,11/16/2006,79.57,0.56
30,12/21/2006,83.96,1.53
30,1/23/2007,141.45,2.79
30,2/15/2007,67.59,3.74
30,3/12/2007,132.51,4.23
30,4/24/2007,93.78,3.41
30,6/5/2007,70.23,5.00
30,6/29/2007,79.56,2.65
30,8/2/2007,74.44,3.14
30,8/22/2007,70.12,2.90
30,10/5/2007,77.04,2.10
30,11/20/2007,100.65,2.14
30,12/18/2007,97.96,2.50
30,1/9/2008,108.18,2.80
30,2/4/2008,106.84,2.39
30,3/7/2008,102.15,3.81
30,4/23/2008,154.97,5.03
30,5/28/2008,151.50,1.72
30,6/24/2008,125.93,1.56
30,8/7/2008,127.51,0.21
30,9/2/2008,141.42,2.66
30,10/8/2008,315.15,2.54
30,11/10/2008,79.35,1.42
30,12/30/2008,72.34,2.82
30,1/29/2009,217.46,4.24
30,4/6/2009,78.53,0.97
30,5/16/2009,164.62,1.42
30,7/1/2009,197.51,2.94
30,8/11/2009,131.90,2.85
30,9/28/2009,176.40,2.63
30,11/12/2009,210.08,1.80
30,1/20/2010,183.68,2.93
30,3/19/2010,1144.31,3.66
30,6/17/2010,250.42,1.89
30,2/8/2011,220.55,2.73
30,4/14/2011,164.65,4.89
30,5/11/2011,210.37,2.22
30,6/30/2011,129.58,1.53
30,8/4/2011,184.67,2.14
30,9/15/2011,174.25,2.41
30,10/7/2011,178.82,2.75
30,11/3/2011,167.75,2.16
30,12/2/2011,188.72,2.19
30,2/22/2012,211.26,2.74
30,3/12/2012,142.37,3.87
30,4/27/2012,161.78,2.16
30,6/13/2012,190.39,3.45
30,8/1/2012,197.52,1.98
30,9/11/2012,149.84,3.15
30,10/5/2012,109.22,2.28
30,11/8/2012,116.44,2.26
30,12/27/2012,101.30,2.49
30,1/15/2013,132.76,2.91
30,2/19/2013,157.08,3.37
30,3/20/2013,177.79,1.63
30,4/18/2013,175.13,2.67
30,5/21/2013,167.56,2.59
30,6/11/2013,203.65,4.45
30,8/13/2013,97.05,1.24
30,7/11/2014,193.65,3.09
30,9/5/2014,161.67,7.23
30,11/12/2014,187.85,1.71
30,1/16/2015,133.55,2.20
30,4/1/2015,239.20,4.26
30,5/18/2015,126.17,2.55
31,9/24/2013,94.68,1.04
31,11/15/2013,57.83,0.47
31,1/30/2014,68.54,0.89
31,3/12/2014,98.11,1.50
31,7/11/2014,185.00,3.04
31,9/5/2014,152.97,2.16
31,11/12/2014,208.17,1.68
31,1/16/2015,136.16,2.31
31,4/1/2015,250.19,4.02
31,5/18/2015,155.56,2.82
31,10/14/2015,202.07,1.88
31,12/17/2015,205.47,2.83
31,2/24/2016,122.85,4.02
31,5/3/2016,166.63,1.82
31,7/6/2016,209.12,1.99
31,9/7/2016,177.77,2.88
31,11/16/2016,136.78,1.82
31,2/14/2017,155.81,2.42
31,6/21/2017,145.81,1.67
31,11/1/2017,150.58,1.94
31,2/12/2018,183.24,2.62
31,7/10/2018,251.12,4.68
31,10/5/2018,186.91,2.36
32,7/11/2014,108.68,1.75
32,9/5/2014,177.44,2.41
32,11/12/2014,122.89,1.88
32,1/16/2015,149.88,2.81
32,4/1/2015,268.21,5.02
32,5/18/2015,154.71,1.95
33,7/11/2014,125.77,1.65
33,9/5/2014,173.11,2.44
33,11/12/2014,176.08,2.49
33,1/16/2015,196.33,2.87
33,4/1/2015,329.04,6.09
33,5/18/2015,212.26,2.39
34,9/24/2013,93.21,0.73
34,11/15/2013,63.85,0.34
34,1/30/2014,84.18,0.54
34,3/12/2014,117.99,1.59
34,7/11/2014,134.34,1.97
34,9/5/2014,213.77,2.59
34,11/12/2014,134.17,1.94
34,1/16/2015,44.55,3.14
34,4/1/2015,353.10,6.38
34,5/18/2015,189.28,2.77
34,10/14/2015,188.58,1.45
34,12/17/2015,180.74,2.62
34,2/24/2016,223.72,3.99
34,5/3/2016,176.87,2.09
34,7/6/2016,281.31,2.96
34,9/7/2016,166.95,1.63
34,11/16/2016,141.37,1.74
34,6/21/2017,153.50,1.72
34,11/1/2017,120.67,1.46
34,7/10/2018,155.77,1.38
34,10/5/2018,174.83,1.06
35,4/26/2006,71.92,3.48
35,5/31/2006,95.69,1.83
35,6/30/2006,69.38,1.98
35,7/21/2006,97.04,3.08
35,9/7/2006,54.72,3.41
35,9/22/2006,66.61,3.04
35,10/17/2006,76.44,2.14
35,11/16/2006,73.29,1.96
35,12/21/2006,98.96,2.84
35,1/23/2007,204.43,3.27
35,2/15/2007,91.64,3.53
35,3/12/2007,177.96,4.47
35,4/24/2007,75.14,2.76
35,6/5/2007,82.40,3.04
35,6/29/2007,99.93,2.81
35,8/2/2007,75.49,3.29
35,8/22/2007,84.13,2.85
35,10/5/2007,79.56,1.72
35,11/20/2007,98.40,2.04
35,12/18/2007,100.41,2.70
35,1/9/2008,114.41,2.91
35,2/4/2008,114.75,3.44
35,3/7/2008,208.90,4.19
35,4/23/2008,118.40,2.63
35,6/24/2008,143.00,1.59
35,8/7/2008,57.10,1.43
35,9/2/2008,118.92,1.13
35,10/8/2008,111.10,1.91
35,11/10/2008,88.42,2.97
35,12/30/2008,83.52,3.41
35,1/29/2009,194.21,4.58
35,4/6/2009,89.87,0.57
35,7/1/2009,158.33,1.42
35,8/11/2009,138.30,3.50
35,9/28/2009,200.08,2.65
35,11/12/2009,199.38,1.21
35,1/20/2010,157.86,1.16
35,3/19/2010,955.51,1.07
35,6/17/2010,192.38,0.81
35,2/8/2011,123.96,0.32
35,8/4/2011,179.53,1.11
35,9/15/2011,227.46,1.74
35,10/7/2011,160.56,2.21
35,11/3/2011,159.43,1.84
35,12/2/2011,191.28,1.54
35,2/22/2012,149.46,0.68
35,3/12/2012,140.91,0.79
35,4/27/2012,151.57,0.78
35,6/13/2012,88.79,0.58
35,8/1/2012,145.53,1.15
35,9/11/2012,132.17,1.13
35,10/5/2012,107.31,1.03
35,11/8/2012,94.79,1.23
35,12/27/2012,100.74,1.16
35,1/15/2013,135.39,1.41
35,3/20/2013,143.02,0.49
35,4/18/2013,140.93,0.71
35,5/21/2013,114.50,0.80
35,6/11/2013,188.13,3.19
35,8/13/2013,122.84,1.70
35,7/11/2014,121.97,2.37
35,9/5/2014,328.56,1.95
35,11/12/2014,130.19,1.94
35,1/16/2015,177.35,2.70
35,4/1/2015,484.37,5.36
35,5/18/2015,185.99,2.81
35,10/14/2015,185.12,2.27
35,12/17/2015,211.42,2.50
35,2/24/2016,151.34,3.57
35,5/3/2016,168.39,2.33
35,7/6/2016,234.21,2.58
35,9/7/2016,155.52,1.37
35,11/16/2016,124.56,1.91
35,6/21/2017,155.96,1.89
35,11/1/2017,118.90,1.61
35,2/12/2018,180.44,2.45
35,7/10/2018,220.78,3.94
35,10/5/2018,206.17,2.09
37,9/13/2013,97.69,0.84
37,11/20/2013,65.17,0.16
37,2/6/2014,107.85,0.64
40,4/26/2006,82.50,1.21
40,6/15/2006,49.57,0.45
40,8/18/2006,84.02,2.79
40,8/31/2006,73.06,2.81
40,9/22/2006,81.35,3.16
40,10/17/2006,68.32,2.56
40,10/23/2006,78.98,2.26
40,11/24/2006,85.16,3.37
40,2/22/2007,95.56,2.93
40,5/3/2007,32.52,0.78
40,6/7/2007,47.59,0.94
40,6/29/2007,86.34,3.59
40,8/2/2007,75.89,2.32
40,8/28/2007,86.94,1.88
40,10/5/2007,96.62,2.40
40,11/28/2007,93.93,2.25
40,11/29/2007,119.25,2.58
40,12/27/2007,93.10,0.09
40,2/6/2008,72.06,1.45
40,2/8/2008,107.67,2.46
40,3/7/2008,75.93,1.39
40,6/10/2008,105.58,0.56
40,7/17/2008,29.38,0.66
40,8/5/2008,36.44,0.79
40,8/27/2008,84.76,1.07
40,9/2/2008,102.08,0.74
40,10/8/2008,134.51,1.67
40,11/6/2008,103.56,2.53
40,4/1/2009,85.28,0.27
40,4/6/2009,73.19,0.59
40,7/1/2009,82.78,0.61
40,8/11/2009,103.20,1.66
40,9/14/2009,146.73,1.06
40,9/28/2009,191.24,3.19
40,11/12/2009,136.39,0.48
40,12/31/2009,159.71,1.10
40,4/9/2010,139.46,0.22
40,4/23/2010,139.63,0.40
40,5/28/2010,125.74,0.20
40,6/17/2010,145.33,0.55
40,7/12/2010,131.33,2.54
40,9/22/2010,128.80,0.57
40,1/18/2011,137.33,1.71
40,3/10/2011,142.44,1.16
40,5/16/2011,107.87,0.40
40,6/13/2011,93.50,0.35
40,7/1/2011,67.72,0.36
40,8/4/2011,104.99,0.31
40,9/15/2011,141.33,0.83
40,10/3/2011,127.42,0.63
40,10/10/2011,115.42,0.70
40,11/4/2011,158.91,2.58
40,2/22/2012,98.69,0.37
40,4/5/2012,104.92,0.37
40,4/24/2012,103.77,0.33
40,6/13/2012,147.93,1.16
40,8/1/2012,144.02,0.69
40,9/11/2012,145.63,1.84
40,8/23/2013,137.20,0.34
40,9/13/2013,105.31,0.82
40,11/20/2013,62.41,0.16
40,2/6/2014,127.95,0.74
41,9/13/2013,108.55,0.88
41,11/20/2013,59.76,0.14
41,2/6/2014,122.37,0.71
42,7/11/2014,117.98,2.54
42,9/5/2014,95.18,1.74
42,11/12/2014,101.16,1.66
42,1/16/2015,120.27,1.89
42,4/1/2015,189.43,3.07
42,5/18/2015,204.89,3.69
43,2/8/2011,199.45,2.77
43,4/14/2011,134.61,5.11
43,5/11/2011,209.30,6.40
43,6/30/2011,318.65,6.50
43,8/4/2011,287.69,2.95
43,9/15/2011,169.95,2.71
43,10/7/2011,231.89,3.37
43,11/3/2011,163.65,2.29
43,12/2/2011,183.53,3.14
43,2/21/2012,207.84,4.62
43,3/12/2012,158.69,7.14
43,4/27/2012,223.83,6.66
43,6/13/2012,199.22,4.64
43,8/1/2012,170.10,2.73
43,9/11/2012,151.16,3.76
43,10/5/2012,108.93,2.38
43,11/8/2012,92.98,2.29
43,12/27/2012,84.77,3.03
43,1/15/2013,146.95,3.62
43,2/19/2013,128.19,4.31
43,3/20/2013,249.00,4.82
43,4/18/2013,141.12,6.36
43,5/21/2013,266.02,6.78
43,6/11/2013,138.43,3.99
43,8/13/2013,93.12,1.92
43,7/11/2014,107.88,2.43
43,9/5/2014,97.65,1.91
43,11/12/2014,117.60,1.58
43,1/16/2015,105.54,1.84
43,4/1/2015,164.31,2.91
43,5/18/2015,182.26,7.93
43,10/14/2015,184.31,1.43
43,12/17/2015,148.61,3.20
43,2/24/2016,255.54,5.07
43,5/3/2016,200.16,5.10
43,7/6/2016,207.63,4.10
43,9/7/2016,173.24,2.61
43,11/16/2016,86.24,1.91
43,2/14/2017,142.85,3.38
43,6/21/2017,160.63,4.58
43,11/2/2017,119.78,1.18
43,2/12/2018,182.88,2.92
43,7/10/2018,234.32,5.16
44,9/24/2013,70.56,1.40
44,11/15/2013,68.28,0.70
44,1/30/2014,64.04,1.41
44,3/12/2014,111.35,4.11
44,7/11/2014,103.18,2.26
44,9/5/2014,103.40,1.85
44,11/12/2014,116.03,1.64
44,1/16/2015,102.91,1.69
44,4/1/2015,172.41,2.76
44,5/18/2015,175.18,3.56
44,10/14/2015,187.48,1.90
44,12/17/2015,137.40,2.93
44,2/24/2016,77.90,5.85
44,5/3/2016,192.21,5.37
44,7/6/2016,208.44,4.48
44,9/7/2016,182.05,3.02
44,11/16/2016,78.14,1.75
44,2/14/2017,129.91,3.10
44,6/21/2017,164.53,4.97
44,11/2/2017,123.79,1.22
44,2/12/2018,178.15,2.78
44,7/10/2018,429.27,4.78
45,7/11/2014,108.41,2.77
45,9/5/2014,98.13,1.67
45,11/12/2014,83.21,0.65
45,1/16/2015,97.46,1.86
45,4/1/2015,185.75,2.78
45,5/18/2015,147.37,3.11
