SAV percent cover,,,,,,,,,,,,,,,,,,,,,Chara ,Halodule,Thalassia
Date,Site #,Rep,Chara,Halodule,Ruppia,Batophora,Acetabularia,Thalassia,Penicillus,Sargassum pteropleuron,Laurencia spp.,Caulerpa prolifera ,Halimeda incrassata,Rhizophora mangle,Polysiphonia binneyi,Chondria baileyana,Udotea,Hypnea,Digenia,Total,Canopy height,Canopy height,Canopy height
1/22/2013,1,1,0,0,0,0,0,0,0,0,0,0,0,0,0,0,0,0,0,0,0,0,0
1/22/2013,1,2,0,0,0,0,0,0,0,0,0,0,0,0,0,0,0,0,0,0,0,0,0
1/22/2013,1,3,0,0,0,3,0,0,0,0,0,0,0,0,0,0,0,0,0,3,0,0,0
1/22/2013,1,4,0,0,0,3,0,0,0,0,0,0,0,0,0,0,0,0,0,3,0,0,0
1/22/2013,1,5,0,0,0,3,0,0,0,0,0,0,0,0,0,0,0,0,0,3,0,0,0
1/22/2013,1,6,0,0,0,3,0,0,0,0,0,0,0,0,0,0,0,0,0,3,0,0,0
1/22/2013,1,7,0,0,0,3,0,0,0,0,0,0,0,0,0,0,0,0,0,3,0,0,0
1/22/2013,1,8,0,0,0,3,0,0,0,0,0,0,0,0,0,0,0,0,0,3,0,0,0
1/22/2013,1,9,0,0,0,3,0,0,0,0,0,0,0,0,0,0,0,0,0,3,0,0,0
1/22/2013,1,10,0,0,0,5,0,0,0,0,0,0,0,0,0,0,0,0,0,5,0,0,0
1/22/2013,1,11,0,0,0,3,0,0,0,0,0,0,0,0,0,0,0,0,0,3,0,0,0
1/22/2013,1,12,0,0,0,3,0,0,0,0,0,0,0,0,0,0,0,0,0,3,0,0,0
1/22/2013,1,13,0,0,0,0,0,0,0,0,0,0,0,0,0,0,0,0,0,0,0,0,0
1/22/2013,1,14,0,0,0,0,0,0,0,0,0,0,0,0,0,0,0,0,0,0,0,0,0
1/22/2013,1,15,0,0,3,0,0,0,0,0,0,0,0,0,0,0,0,0,0,3,0,0,0
1/22/2013,1,mean,0.0,0.0,0.2,2.1,0.0,0.0,0.0,0.0,0.0,0.0,0.0,0.0,0.0,0.0,0.0,0.0,0.0,2.3,0.0,0.0,0.0
1/22/2013,1,median,0,0,0,3,0,0,0,0,0,0,0,0,0,0,0,0,0,3,0,0,0
1/22/2013,1,min,0,0,0,0,0,0,0,0,0,0,0,0,0,0,0,0,0,0,0,0,0
1/22/2013,1,max,0,0,3,5,0,0,0,0,0,0,0,0,0,0,0,0,0,5,0,0,0
1/22/2013,1,frequency,0,0,7,67,0,0,0,0,0,0,0,0,0,0,0,0,0,73,0,0,0
1/22/2013,2,1,0,0,0,3,0,0,0,0,0,0,0,0,0,0,0,0,0,3,0,0,0
1/22/2013,2,2,0,0,0,3,0,0,0,0,0,0,0,0,0,0,0,0,0,3,0,0,0
1/22/2013,2,3,0,0,0,3,0,0,0,0,0,0,0,0,0,0,0,0,0,3,0,0,0
1/22/2013,2,4,0,0,0,3,0,0,0,0,0,0,0,0,0,0,0,0,0,3,0,0,0
1/22/2013,2,5,0,0,0,3,0,0,0,0,0,0,0,0,0,0,0,0,0,3,0,0,0
1/22/2013,2,6,0,0,0,3,0,0,0,0,0,0,0,0,0,0,0,0,0,3,0,0,0
1/22/2013,2,7,0,0,0,0,0,0,0,0,0,0,0,0,0,0,0,0,0,0,0,0,0
1/22/2013,2,8,0,0,0,5,0,0,0,0,0,0,0,0,0,0,0,0,0,5,0,0,0
1/22/2013,2,9,0,0,0,5,0,0,0,0,0,0,0,0,0,0,0,0,0,5,0,0,0
1/22/2013,2,10,0,0,0,0,0,0,0,0,0,0,0,0,0,0,0,0,0,0,0,0,0
1/22/2013,2,11,0,0,0,3,0,0,0,0,0,0,0,0,0,0,0,0,0,3,0,0,0
1/22/2013,2,12,0,0,0,0,0,0,0,0,0,0,0,0,0,0,0,0,0,0,0,0,0
1/22/2013,2,13,0,0,0,3,0,0,0,0,0,0,0,0,0,0,0,0,0,3,0,0,0
1/22/2013,2,14,0,0,5,0,0,0,0,0,0,0,0,0,0,0,0,0,0,5,0,0,0
1/22/2013,2,15,0,0,0,0,0,0,0,0,0,0,0,0,0,0,0,0,0,0,0,0,0
1/22/2013,2,mean,0.0,0.0,0.3,2.3,0.0,0.0,0.0,0.0,0.0,0.0,0.0,0.0,0.0,0.0,0.0,0.0,0.0,2.6,0.0,0.0,0.0
1/22/2013,2,median,0,0,0,3,0,0,0,0,0,0,0,0,0,0,0,0,0,3,0,0,0
1/22/2013,2,min,0,0,0,0,0,0,0,0,0,0,0,0,0,0,0,0,0,0,0,0,0
1/22/2013,2,max,0,0,5,5,0,0,0,0,0,0,0,0,0,0,0,0,0,5,0,0,0
1/22/2013,2,frequency,0,0,7,67,0,0,0,0,0,0,0,0,0,0,0,0,0,73,0,0,0
1/22/2013,3,1,0,0,0,0,0,0,0,0,0,0,0,0,0,0,0,0,0,0,0,0,0
1/22/2013,3,2,0,0,0,0,0,0,0,0,0,0,0,0,0,0,0,0,0,0,0,0,0
1/22/2013,3,3,0,0,0,0,0,0,0,0,0,0,0,0,0,0,0,0,0,0,0,0,0
1/22/2013,3,4,0,0,3,0,0,0,0,0,0,0,0,0,0,0,0,0,0,3,0,0,0
1/22/2013,3,5,0,0,0,0,0,0,0,0,0,0,0,0,0,0,0,0,0,0,0,0,0
1/22/2013,3,6,0,0,0,0,0,0,0,0,0,0,0,0,0,0,0,0,0,0,0,0,0
1/22/2013,3,7,0,0,0,0,0,0,0,0,0,0,0,0,0,0,0,0,0,0,0,0,0
1/22/2013,3,8,0,0,0,0,0,0,0,0,0,0,0,0,0,0,0,0,0,0,0,0,0
1/22/2013,3,9,0,0,0,0,0,0,0,0,0,0,0,0,0,0,0,0,0,0,0,0,0
1/22/2013,3,10,0,0,0,0,0,0,0,0,0,0,0,0,0,0,0,0,0,0,0,0,0
1/22/2013,3,11,0,0,0,3,0,0,0,0,0,0,0,0,0,0,0,0,0,3,0,0,0
1/22/2013,3,12,0,0,0,3,0,0,0,0,0,0,0,0,0,0,0,0,0,3,0,0,0
1/22/2013,3,13,0,0,0,0,0,0,0,0,0,0,0,0,0,0,0,0,0,0,0,0,0
1/22/2013,3,14,0,0,0,0,0,0,0,0,0,0,0,0,0,0,0,0,0,0,0,0,0
1/22/2013,3,15,0,0,0,0,0,0,0,0,0,0,0,0,0,0,0,0,0,0,0,0,0
1/22/2013,3,mean,0.0,0.0,0.2,0.4,0.0,0.0,0.0,0.0,0.0,0.0,0.0,0.0,0.0,0.0,0.0,0.0,0.0,0.6,0.0,0.0,0.0
1/22/2013,3,median,0,0,0,0,0,0,0,0,0,0,0,0,0,0,0,0,0,0,0,0,0
1/22/2013,3,min,0,0,0,0,0,0,0,0,0,0,0,0,0,0,0,0,0,0,0,0,0
1/22/2013,3,max,0,0,3,3,0,0,0,0,0,0,0,0,0,0,0,0,0,3,0,0,0
1/22/2013,3,frequency,0,0,7,13,0,0,0,0,0,0,0,0,0,0,0,0,0,20,0,0,0
1/22/2013,4,1,0,0,0,0,0,0,0,0,0,0,0,0,0,0,0,0,0,0,5,5,0
1/22/2013,4,2,0,5,0,0,0,0,0,0,0,0,0,0,0,0,0,0,0,5,5,5,0
1/22/2013,4,3,0,0,3,0,0,0,0,0,0,0,0,0,0,0,0,0,0,3,5,5,0
1/22/2013,4,4,3,0,0,0,0,0,0,0,0,0,0,0,0,0,0,0,0,3,5,5,0
1/22/2013,4,5,0,0,0,0,0,0,0,0,0,0,0,0,0,0,0,0,0,3,5,5,0
1/22/2013,4,6,0,0,5,0,0,0,0,0,0,0,0,0,0,0,0,0,0,5,5,5,0
1/22/2013,4,7,0,0,0,3,0,0,0,0,0,0,0,0,0,0,0,0,0,3,5,5,0
1/22/2013,4,8,0,0,0,0,0,0,0,0,0,0,0,0,0,0,0,0,0,0,5,5,0
1/22/2013,4,9,0,0,0,0,0,0,0,0,0,0,0,0,0,0,0,0,0,0,5,5,0
1/22/2013,4,10,0,0,0,0,0,0,0,0,0,0,0,0,0,0,0,0,0,0,5,5,0
1/22/2013,4,11,0,0,0,0,0,0,0,0,0,0,0,0,0,0,0,0,0,0,5,5,0
1/22/2013,4,12,0,0,0,0,0,0,0,0,0,0,0,0,0,0,0,0,0,0,5,5,0
1/22/2013,4,13,0,0,3,0,0,0,0,0,0,0,0,0,0,0,0,0,0,3,5,5,0
1/22/2013,4,14,0,0,0,0,0,0,0,0,0,0,0,0,0,0,0,0,0,0,5,5,0
1/22/2013,4,15,0,3,0,0,0,0,0,0,0,0,0,0,0,0,0,0,0,3,5,5,0
1/22/2013,4,mean,0.2,0.5,0.7,0.2,0.0,0.0,0.0,0.0,0.0,0.0,0.0,0.0,0.0,0.0,0.0,0.0,0.0,1.9,5.0,5.0,0.0
1/22/2013,4,median,0,0,0,0,0,0,0,0,0,0,0,0,0,0,0,0,0,3,5,5,0
1/22/2013,4,min,0,0,0,0,0,0,0,0,0,0,0,0,0,0,0,0,0,0,5,5,0
1/22/2013,4,max,3,5,5,3,0,0,0,0,0,0,0,0,0,0,0,0,0,5,5,5,0
1/22/2013,4,frequency,7,13,20,7,0,0,0,0,0,0,0,0,0,0,0,0,0,53,100,100,0
1/22/2013,5,1,100,0,0,0,0,0,0,0,0,0,0,0,0,0,0,0,0,100,50,0,0
1/22/2013,5,2,100,0,0,0,0,0,0,0,0,0,0,0,0,0,0,0,0,100,50,0,0
1/22/2013,5,3,100,0,0,0,0,0,0,0,0,0,0,0,0,0,0,0,0,100,50,0,0
1/22/2013,5,4,100,0,0,0,0,0,0,0,0,0,0,0,0,0,0,0,0,100,50,0,0
1/22/2013,5,5,100,0,0,0,0,0,0,0,0,0,0,0,0,0,0,0,0,100,50,0,0
1/22/2013,5,6,100,0,0,0,0,0,0,0,0,0,0,0,0,0,0,0,0,100,50,0,0
1/22/2013,5,7,100,0,0,0,0,0,0,0,0,0,0,0,0,0,0,0,0,100,50,0,0
1/22/2013,5,8,100,0,0,0,0,0,0,0,0,0,0,0,0,0,0,0,0,100,50,0,0
1/22/2013,5,9,100,0,0,0,0,0,0,0,0,0,0,0,0,0,0,0,0,100,50,0,0
1/22/2013,5,10,100,0,0,0,0,0,0,0,0,0,0,0,0,0,0,0,0,100,50,0,0
1/22/2013,5,11,100,0,0,0,0,0,0,0,0,0,0,0,0,0,0,0,0,100,50,0,0
1/22/2013,5,12,100,0,0,0,0,0,0,0,0,0,0,0,0,0,0,0,0,100,50,0,0
1/22/2013,5,13,100,0,0,0,0,0,0,0,0,0,0,0,0,0,0,0,0,100,50,0,0
1/22/2013,5,14,100,0,0,0,0,0,0,0,0,0,0,0,0,0,0,0,0,100,50,0,0
1/22/2013,5,15,100,0,0,0,0,0,0,0,0,0,0,0,0,0,0,0,0,100,50,0,0
1/22/2013,5,mean,100.0,0.0,0.0,0.0,0.0,0.0,0.0,0.0,0.0,0.0,0.0,0.0,0.0,0.0,0.0,0.0,0.0,100.0,50.0,0.0,0.0
1/22/2013,5,median,100,0,0,0,0,0,0,0,0,0,0,0,0,0,0,0,0,100,50,0,0
1/22/2013,5,min,100,0,0,0,0,0,0,0,0,0,0,0,0,0,0,0,0,100,50,0,0
1/22/2013,5,max,100,0,0,0,0,0,0,0,0,0,0,0,0,0,0,0,0,100,50,0,0
1/22/2013,5,frequency,100,0,0,0,0,0,0,0,0,0,0,0,0,0,0,0,0,100,100,0,0
1/22/2013,6,1,0,10,0,0,0,0,0,0,0,0,0,0,0,0,0,0,0,10,0,5,0
1/22/2013,6,2,0,0,0,0,0,0,0,0,0,0,0,0,0,0,0,0,0,0,0,5,0
1/22/2013,6,3,0,5,0,0,0,0,0,0,0,0,0,0,0,0,0,0,0,5,0,5,0
1/22/2013,6,4,0,3,0,0,0,0,0,0,0,0,0,0,0,0,0,0,0,3,0,5,0
1/22/2013,6,5,0,3,0,0,0,0,0,0,0,0,0,0,0,0,0,0,0,3,0,5,0
1/22/2013,6,6,0,3,0,0,0,0,0,0,0,0,0,0,0,0,0,0,0,3,0,5,0
1/22/2013,6,7,0,0,0,0,0,0,0,0,0,0,0,0,0,0,0,0,0,0,0,5,0
1/22/2013,6,8,0,0,0,0,0,0,0,0,0,0,0,0,0,0,0,0,0,0,0,5,0
1/22/2013,6,9,0,0,0,3,0,0,0,0,0,0,0,0,0,0,0,0,0,3,0,5,0
1/22/2013,6,10,0,0,0,0,0,0,0,0,0,0,0,0,0,0,0,0,0,0,0,5,0
1/22/2013,6,11,0,0,0,0,0,0,0,0,0,0,0,0,0,0,0,0,0,0,0,5,0
1/22/2013,6,12,0,0,0,0,0,0,0,0,0,0,0,0,0,0,0,0,0,0,0,5,0
1/22/2013,6,13,0,0,0,3,0,0,0,0,0,0,0,0,0,0,0,0,0,3,0,5,0
1/22/2013,6,14,0,0,5,0,0,0,0,0,0,0,0,0,0,0,0,0,0,5,0,5,0
1/22/2013,6,15,0,3,0,0,0,0,0,0,0,0,0,0,0,0,0,0,0,3,0,5,0
1/22/2013,6,mean,0.0,1.8,0.3,0.4,0.0,0.0,0.0,0.0,0.0,0.0,0.0,0.0,0.0,0.0,0.0,0.0,0.0,2.5,0.0,5.0,0.0
1/22/2013,6,median,0,0,0,0,0,0,0,0,0,0,0,0,0,0,0,0,0,3,0,5,0
1/22/2013,6,min,0,0,0,0,0,0,0,0,0,0,0,0,0,0,0,0,0,0,0,5,0
1/22/2013,6,max,0,10,5,3,0,0,0,0,0,0,0,0,0,0,0,0,0,10,0,5,0
1/22/2013,6,frequency,0,40,7,13,0,0,0,0,0,0,0,0,0,0,0,0,0,60,0,100,0
1/22/2013,7,1,40,0,0,0,0,0,0,0,0,0,0,0,0,0,0,0,0,40,35,0,0
1/22/2013,7,2,80,0,0,0,0,0,0,0,0,0,0,0,0,0,0,0,0,80,35,0,0
1/22/2013,7,3,35,0,0,0,0,0,0,0,0,0,0,0,0,0,0,0,0,35,35,0,0
1/22/2013,7,4,100,0,0,3,0,0,0,0,0,0,0,0,0,0,0,0,0,100,35,0,0
1/22/2013,7,5,100,0,0,3,0,0,0,0,0,0,0,0,0,0,0,0,0,100,35,0,0
1/22/2013,7,6,100,0,0,10,0,0,0,0,0,0,0,0,0,0,0,0,0,100,35,0,0
1/22/2013,7,7,95,0,0,15,0,0,0,0,0,0,0,0,0,0,0,0,0,95,35,0,0
1/22/2013,7,8,90,0,0,10,0,0,0,0,0,0,0,0,0,0,0,0,0,95,35,0,0
1/22/2013,7,9,100,0,0,10,0,0,0,0,0,0,0,0,0,0,0,0,0,100,35,0,0
1/22/2013,7,10,95,0,0,5,0,0,0,0,0,0,0,0,0,0,0,0,0,95,35,0,0
1/22/2013,7,11,100,0,0,0,0,0,0,0,0,0,0,0,0,0,0,0,0,100,35,0,0
1/22/2013,7,12,25,0,0,15,0,0,0,0,0,0,0,0,0,0,0,0,0,40,35,0,0
1/22/2013,7,13,100,0,0,5,0,0,0,0,0,0,0,0,0,0,0,0,0,100,35,0,0
1/22/2013,7,14,100,0,0,3,0,0,0,0,0,0,0,0,0,0,0,0,0,100,35,0,0
1/22/2013,7,15,100,0,0,3,0,0,0,0,0,0,0,0,0,0,0,0,0,100,35,0,0
1/22/2013,7,mean,84.0,0.0,0.0,5.5,0.0,0.0,0.0,0.0,0.0,0.0,0.0,0.0,0.0,0.0,0.0,0.0,0.0,85.0,35.0,0.0,0.0
1/22/2013,7,median,100,0,0,3,0,0,0,0,0,0,0,0,0,0,0,0,0,100,35,0,0
1/22/2013,7,min,25,0,0,0,0,0,0,0,0,0,0,0,0,0,0,0,0,35,35,0,0
1/22/2013,7,max,100,0,0,15,0,0,0,0,0,0,0,0,0,0,0,0,0,100,35,0,0
1/22/2013,7,frequency,100,0,0,73,0,0,0,0,0,0,0,0,0,0,0,0,0,100,100,0,0
1/22/2013,8,1,100,0,0,0,0,0,0,0,0,0,0,0,0,0,0,0,0,100,60,0,0
1/22/2013,8,2,100,0,0,0,0,0,0,0,0,0,0,0,0,0,0,0,0,100,60,0,0
1/22/2013,8,3,100,0,0,0,0,0,0,0,0,0,0,0,0,0,0,0,0,100,60,0,0
1/22/2013,8,4,100,0,0,0,0,0,0,0,0,0,0,0,0,0,0,0,0,100,60,0,0
1/22/2013,8,5,100,0,0,3,0,0,0,0,0,0,0,0,0,0,0,0,0,100,60,0,0
1/22/2013,8,6,100,0,0,0,0,0,0,0,0,0,0,0,0,0,0,0,0,100,60,0,0
1/22/2013,8,7,95,0,0,0,0,0,0,0,0,0,0,0,0,0,0,0,0,95,60,0,0
1/22/2013,8,8,100,0,0,0,0,0,0,0,0,0,0,0,0,0,0,0,0,100,60,0,0
1/22/2013,8,9,5,0,0,0,0,0,0,0,0,0,0,0,0,0,0,0,0,5,60,0,0
1/22/2013,8,10,100,0,0,3,0,0,0,0,0,0,0,0,0,0,0,0,0,100,60,0,0
1/22/2013,8,11,100,0,0,0,0,0,0,0,0,0,0,0,0,0,0,0,0,100,60,0,0
1/22/2013,8,12,100,0,0,0,0,0,0,0,0,0,0,0,0,0,0,0,0,100,60,0,0
1/22/2013,8,13,0,0,0,0,0,0,0,0,0,0,0,0,0,0,0,0,0,0,60,0,0
1/22/2013,8,14,100,0,0,0,0,0,0,0,0,0,0,0,0,0,0,0,0,100,60,0,0
1/22/2013,8,15,100,0,0,0,0,0,0,0,0,0,0,0,0,0,0,0,0,100,60,0,0
1/22/2013,8,mean,86.7,0.0,0.0,0.4,0.0,0.0,0.0,0.0,0.0,0.0,0.0,0.0,0.0,0.0,0.0,0.0,0.0,86.7,60.0,0.0,0.0
1/22/2013,8,median,100,0,0,0,0,0,0,0,0,0,0,0,0,0,0,0,0,100,60,0,0
1/22/2013,8,min,0,0,0,0,0,0,0,0,0,0,0,0,0,0,0,0,0,0,60,0,0
1/22/2013,8,max,100,0,0,3,0,0,0,0,0,0,0,0,0,0,0,0,0,100,60,0,0
1/22/2013,8,frequency,93,0,0,13,0,0,0,0,0,0,0,0,0,0,0,0,0,93,100,0,0
1/22/2013,9,1,0,15,0,0,0,0,0,0,0,0,0,0,0,0,0,0,0,15,0,10,0
1/22/2013,9,2,0,0,3,0,0,0,0,0,0,0,0,0,0,0,0,0,0,3,0,10,0
1/22/2013,9,3,0,5,0,0,0,0,0,0,0,0,0,0,0,0,0,0,0,5,0,10,0
1/22/2013,9,4,0,5,0,0,0,0,0,0,0,0,0,0,0,0,0,0,0,5,0,10,0
1/22/2013,9,5,0,5,0,0,0,0,0,0,0,0,0,0,0,0,0,0,0,5,0,10,0
1/22/2013,9,6,0,3,0,0,0,0,0,0,0,0,0,0,0,0,0,0,0,3,0,10,0
1/22/2013,9,7,0,20,0,0,0,0,0,0,0,0,0,0,0,0,0,0,0,20,0,10,0
1/22/2013,9,8,0,25,0,0,0,0,0,0,0,0,0,0,0,0,0,0,0,25,0,10,0
1/22/2013,9,9,0,25,0,0,0,0,0,0,0,0,0,0,0,0,0,0,0,25,0,10,0
1/22/2013,9,10,0,25,0,0,0,0,0,0,0,0,0,0,0,0,0,0,0,25,0,10,0
1/22/2013,9,11,0,20,0,0,0,0,0,0,0,0,0,0,0,0,0,0,0,20,0,10,0
1/22/2013,9,12,0,20,0,0,0,0,0,0,0,0,0,0,0,0,0,0,0,20,0,10,0
1/22/2013,9,13,0,3,0,0,0,0,0,0,0,0,0,0,0,0,0,0,0,3,0,10,0
1/22/2013,9,14,0,15,0,0,0,0,0,0,0,0,0,0,0,0,0,0,0,15,0,10,0
1/22/2013,9,15,0,20,0,0,0,0,0,0,0,0,0,0,0,0,0,0,0,20,0,10,0
1/22/2013,9,mean,0.0,13.7,0.2,0.0,0.0,0.0,0.0,0.0,0.0,0.0,0.0,0.0,0.0,0.0,0.0,0.0,0.0,13.9,0.0,10.0,0.0
1/22/2013,9,median,0,15,0,0,0,0,0,0,0,0,0,0,0,0,0,0,0,15,0,10,0
1/22/2013,9,min,0,0,0,0,0,0,0,0,0,0,0,0,0,0,0,0,0,3,0,10,0
1/22/2013,9,max,0,25,3,0,0,0,0,0,0,0,0,0,0,0,0,0,0,25,0,10,0
1/22/2013,9,frequency,0,93,7,0,0,0,0,0,0,0,0,0,0,0,0,0,0,100,0,100,0
1/22/2013,10,1,0,30,0,0,0,0,0,0,0,0,0,0,0,0,0,0,0,30,0,10,0
1/22/2013,10,2,0,25,0,0,0,0,0,0,0,0,0,0,0,0,0,0,0,25,0,10,0
1/22/2013,10,3,0,20,0,0,0,0,0,0,0,0,0,0,0,0,0,0,0,20,0,10,0
1/22/2013,10,4,0,5,0,0,0,0,0,0,0,0,0,0,0,0,0,0,0,5,0,10,0
1/22/2013,10,5,0,25,0,0,0,0,0,0,0,0,0,0,0,0,0,0,0,25,0,10,0
1/22/2013,10,6,0,30,0,0,0,0,0,0,0,0,0,0,0,0,0,0,0,30,0,10,0
1/22/2013,10,7,0,20,0,0,0,0,0,0,0,0,0,0,0,0,0,0,0,20,0,10,0
1/22/2013,10,8,0,25,0,0,0,0,0,0,0,0,0,0,0,0,0,0,0,25,0,10,0
1/22/2013,10,9,0,30,0,0,0,0,0,0,0,0,0,0,0,0,0,0,0,30,0,10,0
1/22/2013,10,10,0,25,0,0,0,0,0,0,0,0,0,0,0,0,0,0,0,25,0,10,0
1/22/2013,10,11,0,20,0,0,0,0,0,0,0,0,0,0,0,0,0,0,0,20,0,10,0
1/22/2013,10,12,0,40,0,0,0,0,0,0,0,0,0,0,0,0,0,0,0,40,0,10,0
1/22/2013,10,13,0,25,0,0,0,0,0,0,0,0,0,0,0,0,0,0,0,25,0,10,0
1/22/2013,10,14,0,40,0,0,0,0,0,0,0,0,0,0,0,0,0,0,0,40,0,10,0
1/22/2013,10,15,0,25,0,0,0,0,0,0,0,0,0,0,0,0,0,0,0,25,0,10,0
1/22/2013,10,mean,0.0,25.7,0.0,0.0,0.0,0.0,0.0,0.0,0.0,0.0,0.0,0.0,0.0,0.0,0.0,0.0,0.0,25.7,0.0,10.0,0.0
1/22/2013,10,median,0,25,0,0,0,0,0,0,0,0,0,0,0,0,0,0,0,25,0,10,0
1/22/2013,10,min,0,5,0,0,0,0,0,0,0,0,0,0,0,0,0,0,0,5,0,10,0
1/22/2013,10,max,0,40,0,0,0,0,0,0,0,0,0,0,0,0,0,0,0,40,0,10,0
1/22/2013,10,frequency,0,100,0,0,0,0,0,0,0,0,0,0,0,0,0,0,0,100,0,100,0
Discontinued,11,1,NA,NA,NA,NA,NA,NA,NA,NA,NA,NA,NA,NA,NA,NA,NA,NA,NA,NA,NA,NA,NA
Discontinued,11,2,NA,NA,NA,NA,NA,NA,NA,NA,NA,NA,NA,NA,NA,NA,NA,NA,NA,NA,NA,NA,NA
Discontinued,11,3,NA,NA,NA,NA,NA,NA,NA,NA,NA,NA,NA,NA,NA,NA,NA,NA,NA,NA,NA,NA,NA
Discontinued,11,4,NA,NA,NA,NA,NA,NA,NA,NA,NA,NA,NA,NA,NA,NA,NA,NA,NA,NA,NA,NA,NA
Discontinued,11,5,NA,NA,NA,NA,NA,NA,NA,NA,NA,NA,NA,NA,NA,NA,NA,NA,NA,NA,NA,NA,NA
Discontinued,11,6,NA,NA,NA,NA,NA,NA,NA,NA,NA,NA,NA,NA,NA,NA,NA,NA,NA,NA,NA,NA,NA
Discontinued,11,7,NA,NA,NA,NA,NA,NA,NA,NA,NA,NA,NA,NA,NA,NA,NA,NA,NA,NA,NA,NA,NA
Discontinued,11,8,NA,NA,NA,NA,NA,NA,NA,NA,NA,NA,NA,NA,NA,NA,NA,NA,NA,NA,NA,NA,NA
Discontinued,11,9,NA,NA,NA,NA,NA,NA,NA,NA,NA,NA,NA,NA,NA,NA,NA,NA,NA,NA,NA,NA,NA
Discontinued,11,10,NA,NA,NA,NA,NA,NA,NA,NA,NA,NA,NA,NA,NA,NA,NA,NA,NA,NA,NA,NA,NA
Discontinued,11,11,NA,NA,NA,NA,NA,NA,NA,NA,NA,NA,NA,NA,NA,NA,NA,NA,NA,NA,NA,NA,NA
Discontinued,11,12,NA,NA,NA,NA,NA,NA,NA,NA,NA,NA,NA,NA,NA,NA,NA,NA,NA,NA,NA,NA,NA
Discontinued,11,13,NA,NA,NA,NA,NA,NA,NA,NA,NA,NA,NA,NA,NA,NA,NA,NA,NA,NA,NA,NA,NA
Discontinued,11,14,NA,NA,NA,NA,NA,NA,NA,NA,NA,NA,NA,NA,NA,NA,NA,NA,NA,NA,NA,NA,NA
Discontinued,11,15,NA,NA,NA,NA,NA,NA,NA,NA,NA,NA,NA,NA,NA,NA,NA,NA,NA,NA,NA,NA,NA
Discontinued,11,mean,NA,NA,NA,NA,NA,NA,NA,NA,NA,NA,NA,NA,NA,NA,NA,NA,NA,NA,NA,NA,NA
Discontinued,11,median,NA,NA,NA,NA,NA,NA,NA,NA,NA,NA,NA,NA,NA,NA,NA,NA,NA,NA,NA,NA,NA
Discontinued,11,min,NA,NA,NA,NA,NA,NA,NA,NA,NA,NA,NA,NA,NA,NA,NA,NA,NA,NA,NA,NA,NA
Discontinued,11,max,NA,NA,NA,NA,NA,NA,NA,NA,NA,NA,NA,NA,NA,NA,NA,NA,NA,NA,NA,NA,NA
Discontinued,11,frequency,NA,NA,NA,NA,NA,NA,NA,NA,NA,NA,NA,NA,NA,NA,NA,NA,NA,NA,NA,NA,NA
1/22/2013,12,1,0,30,0,0,0,0,0,0,0,0,0,0,0,0,0,0,0,30,0,10,0
1/22/2013,12,2,0,25,0,0,0,0,0,0,0,0,0,0,0,0,0,0,0,25,0,10,0
1/22/2013,12,3,0,20,0,0,0,0,0,0,0,0,0,0,0,0,0,0,0,20,0,10,0
1/22/2013,12,4,0,15,0,0,0,0,0,0,0,0,0,0,0,0,0,0,0,15,0,10,0
1/22/2013,12,5,0,30,0,0,0,0,0,0,0,0,0,0,0,0,0,0,0,30,0,10,0
1/22/2013,12,6,0,35,0,0,0,0,0,0,0,0,0,0,0,0,0,0,0,35,0,10,0
1/22/2013,12,7,3,0,0,0,0,0,0,0,0,0,0,0,0,0,0,0,0,3,0,10,0
1/22/2013,12,8,0,5,0,0,0,0,0,0,0,0,0,0,0,0,0,0,0,5,0,10,0
1/22/2013,12,9,0,10,0,0,0,0,0,0,0,0,0,0,0,0,0,0,0,10,0,10,0
1/22/2013,12,10,0,5,0,0,0,0,0,0,0,0,0,0,0,0,0,0,0,5,0,10,0
1/22/2013,12,11,0,10,0,0,0,0,0,0,0,0,0,0,0,0,0,0,0,10,0,10,0
1/22/2013,12,12,3,10,0,0,0,0,0,0,0,0,0,0,0,0,0,0,0,10,0,10,0
1/22/2013,12,13,0,15,0,0,0,0,0,0,0,0,0,0,0,0,0,0,0,15,0,10,0
1/22/2013,12,14,0,25,0,0,0,0,0,0,0,0,0,0,0,0,0,0,0,25,0,10,0
1/22/2013,12,15,0,20,0,0,0,0,0,0,0,0,0,0,0,0,0,0,0,20,0,10,0
1/22/2013,12,mean,0.4,17.0,0.0,0.0,0.0,0.0,0.0,0.0,0.0,0.0,0.0,0.0,0.0,0.0,0.0,0.0,0.0,17.2,0.0,10.0,0.0
1/22/2013,12,median,0,15,0,0,0,0,0,0,0,0,0,0,0,0,0,0,0,15,0,10,0
1/22/2013,12,min,0,0,0,0,0,0,0,0,0,0,0,0,0,0,0,0,0,3,0,10,0
1/22/2013,12,max,3,35,0,0,0,0,0,0,0,0,0,0,0,0,0,0,0,35,0,10,0
1/22/2013,12,frequency,13,93,0,0,0,0,0,0,0,0,0,0,0,0,0,0,0,100,0,100,0
1/22/2013,13,1,0,3,0,0,0,0,0,0,0,0,0,0,0,0,0,0,0,3,3,0,0
1/22/2013,13,2,0,0,0,0,0,0,0,0,0,0,0,0,0,0,0,0,0,0,3,0,0
1/22/2013,13,3,0,3,0,0,0,0,0,0,0,0,0,0,0,0,0,0,0,3,3,0,0
1/22/2013,13,4,0,3,0,0,0,0,0,0,0,0,0,0,0,0,0,0,0,3,3,0,0
1/22/2013,13,5,3,0,0,0,0,0,0,0,0,0,0,0,0,0,0,0,0,3,3,0,0
1/22/2013,13,6,3,0,0,0,0,0,0,0,0,0,0,0,0,0,0,0,0,3,3,0,0
1/22/2013,13,7,0,0,0,0,0,0,0,0,0,0,0,0,0,0,0,0,0,0,3,0,0
1/22/2013,13,8,0,0,0,0,0,0,0,0,0,0,0,0,0,0,0,0,0,0,3,0,0
1/22/2013,13,9,0,0,0,0,0,0,0,0,0,0,0,0,0,0,0,0,0,0,3,0,0
1/22/2013,13,10,0,0,0,0,0,0,0,0,0,0,0,0,0,0,0,0,0,0,3,0,0
1/22/2013,13,11,0,0,0,0,0,0,0,0,0,0,0,0,0,0,0,0,0,0,3,0,0
1/22/2013,13,12,0,3,0,0,0,0,0,0,0,0,0,0,0,0,0,0,0,3,3,0,0
1/22/2013,13,13,0,3,0,0,0,0,0,0,0,0,0,0,0,0,0,0,0,3,3,0,0
1/22/2013,13,14,0,0,0,0,0,0,0,0,0,0,0,0,0,0,0,0,0,0,3,0,0
1/22/2013,13,15,0,0,0,0,0,0,0,0,0,0,0,0,0,0,0,0,0,0,3,0,0
1/22/2013,13,mean,0.4,1.0,0.0,0.0,0.0,0.0,0.0,0.0,0.0,0.0,0.0,0.0,0.0,0.0,0.0,0.0,0.0,1.4,3.0,0.0,0.0
1/22/2013,13,median,0,0,0,0,0,0,0,0,0,0,0,0,0,0,0,0,0,0,3,0,0
1/22/2013,13,min,0,0,0,0,0,0,0,0,0,0,0,0,0,0,0,0,0,0,3,0,0
1/22/2013,13,max,3,3,0,0,0,0,0,0,0,0,0,0,0,0,0,0,0,3,3,0,0
1/22/2013,13,frequency,13,33,0,0,0,0,0,0,0,0,0,0,0,0,0,0,0,47,100,0,0
2/6/2013,14,1,0,15,0,0,0,0,0,0,0,0,0,0,0,0,0,0,0,15,0,10,0
2/6/2013,14,2,0,20,0,0,0,0,0,0,0,0,0,0,0,0,0,0,0,20,0,10,0
2/6/2013,14,3,0,25,0,0,0,0,0,0,0,0,0,0,0,0,0,0,0,25,0,10,0
2/6/2013,14,4,0,15,0,0,0,0,0,0,0,0,0,3,0,0,0,0,0,15,0,10,0
2/6/2013,14,5,0,10,0,0,0,0,0,0,0,0,0,0,0,0,0,0,0,10,0,10,0
2/6/2013,14,6,0,25,0,0,0,0,0,0,0,0,0,0,0,0,0,0,0,25,0,10,0
2/6/2013,14,7,0,25,0,0,0,0,0,0,0,0,0,3,0,0,0,0,0,25,0,10,0
2/6/2013,14,8,0,20,0,0,0,0,0,0,0,0,0,3,0,0,0,0,0,20,0,10,0
2/6/2013,14,9,0,15,0,0,0,0,0,0,0,0,0,0,0,0,0,0,0,15,0,10,0
2/6/2013,14,10,0,20,0,0,0,0,0,0,0,0,0,0,0,0,0,0,0,20,0,10,0
2/6/2013,14,11,0,10,0,0,0,0,0,0,0,0,0,0,0,0,0,0,0,10,0,10,0
2/6/2013,14,12,0,15,0,0,0,0,0,0,0,0,0,0,0,0,0,0,0,15,0,10,0
2/6/2013,14,13,0,25,0,0,0,0,0,0,0,0,0,0,0,0,0,0,0,25,0,10,0
2/6/2013,14,14,0,10,0,0,0,0,0,0,0,0,0,3,0,0,0,0,0,10,0,10,0
2/6/2013,14,15,0,15,0,0,0,0,0,0,0,0,0,0,0,0,0,0,0,15,0,10,0
2/6/2013,14,mean,0.0,17.7,0.0,0.0,0.0,0.0,0.0,0.0,0.0,0.0,0.0,0.8,0.0,0.0,0.0,0.0,0.0,17.7,0.0,10.0,0.0
2/6/2013,14,median,0,15,0,0,0,0,0,0,0,0,0,0,0,0,0,0,0,15,0,10,0
2/6/2013,14,min,0,10,0,0,0,0,0,0,0,0,0,0,0,0,0,0,0,10,0,10,0
2/6/2013,14,max,0,25,0,0,0,0,0,0,0,0,0,3,0,0,0,0,0,25,0,10,0
2/6/2013,14,frequency,0,100,0,0,0,0,0,0,0,0,0,27,0,0,0,0,0,100,0,100,0
2/6/2013,15,1,0,5,0,0,0,0,0,0,0,0,0,0,0,0,0,0,0,5,0,5,0
2/6/2013,15,2,0,10,0,0,0,0,0,0,0,0,0,0,0,0,0,0,0,10,0,5,0
2/6/2013,15,3,0,5,0,0,0,0,0,0,0,0,0,0,0,0,0,0,0,5,0,5,0
2/6/2013,15,4,0,5,0,5,0,0,0,0,0,0,0,0,0,0,0,0,0,10,0,5,0
2/6/2013,15,5,0,10,0,0,0,0,0,0,0,0,0,0,0,0,0,0,0,10,0,5,0
2/6/2013,15,6,0,10,0,0,0,0,0,0,0,0,0,0,0,0,0,0,0,10,0,5,0
2/6/2013,15,7,0,5,0,0,0,0,0,0,0,0,0,0,0,0,0,0,0,5,0,5,0
2/6/2013,15,8,0,5,0,3,0,0,0,0,0,0,0,0,0,0,0,0,0,5,0,5,0
2/6/2013,15,9,0,5,0,0,0,0,0,0,0,0,0,0,0,0,0,0,0,5,0,5,0
2/6/2013,15,10,0,5,0,0,0,0,0,0,0,0,0,0,0,0,0,0,0,5,0,5,0
2/6/2013,15,11,0,5,0,0,0,0,0,0,0,0,0,0,0,0,0,0,0,5,0,5,0
2/6/2013,15,12,0,5,0,3,0,0,0,0,0,0,0,0,0,0,0,0,0,5,0,5,0
2/6/2013,15,13,0,3,0,5,0,0,0,0,0,0,0,0,0,0,0,0,0,5,0,5,0
2/6/2013,15,14,0,5,0,3,0,0,0,0,0,0,0,0,0,0,0,0,0,5,0,5,0
2/6/2013,15,15,0,5,0,3,0,0,0,0,0,0,0,0,0,0,0,0,0,5,0,5,0
2/6/2013,15,mean,0.0,5.9,0.0,1.5,0.0,0.0,0.0,0.0,0.0,0.0,0.0,0.0,0.0,0.0,0.0,0.0,0.0,6.3,0.0,5.0,0.0
2/6/2013,15,median,0,5,0,0,0,0,0,0,0,0,0,0,0,0,0,0,0,5,0,5,0
2/6/2013,15,min,0,3,0,0,0,0,0,0,0,0,0,0,0,0,0,0,0,5,0,5,0
2/6/2013,15,max,0,10,0,5,0,0,0,0,0,0,0,0,0,0,0,0,0,10,0,5,0
2/6/2013,15,frequency,0,100,0,40,0,0,0,0,0,0,0,0,0,0,0,0,0,100,0,100,0
2/6/2013,16,1,0,10,0,0,0,0,0,0,0,0,0,0,0,0,0,0,0,10,0,15,0
2/6/2013,16,2,0,10,0,0,0,0,0,0,0,0,0,0,0,0,0,0,0,10,0,15,0
2/6/2013,16,3,0,10,0,0,0,0,0,0,0,0,0,0,0,0,0,0,0,10,0,15,0
2/6/2013,16,4,0,15,0,0,0,0,0,0,0,0,0,0,0,0,0,0,0,15,0,15,0
2/6/2013,16,5,0,5,0,0,0,0,0,10,0,0,0,0,0,0,0,0,0,15,0,15,0
2/6/2013,16,6,0,10,0,0,0,0,0,0,0,0,0,0,0,0,0,0,0,10,0,15,0
2/6/2013,16,7,0,10,0,0,0,0,0,0,0,0,0,0,0,0,0,0,0,10,0,15,0
2/6/2013,16,8,0,15,0,0,0,0,0,0,0,0,0,0,0,0,0,0,0,15,0,15,0
2/6/2013,16,9,0,15,0,0,0,0,0,0,0,0,0,0,0,0,0,0,0,15,0,15,0
2/6/2013,16,10,0,15,0,0,0,0,0,0,0,0,0,0,0,0,0,0,0,15,0,15,0
2/6/2013,16,11,0,15,0,0,0,0,0,0,0,0,0,0,0,0,0,0,0,15,0,15,0
2/6/2013,16,12,0,15,0,0,0,0,0,0,0,0,0,0,0,0,0,0,0,15,0,15,0
2/6/2013,16,13,0,15,0,3,0,0,0,0,0,0,0,0,0,0,0,0,0,15,0,15,0
2/6/2013,16,14,0,15,0,0,0,0,0,0,0,0,0,0,0,0,0,0,0,15,0,15,0
2/6/2013,16,15,0,10,0,0,0,3,0,0,0,0,0,0,0,0,0,0,0,10,0,15,0
2/6/2013,16,mean,0.0,12.3,0.0,0.2,0.0,0.2,0.0,0.7,0.0,0.0,0.0,0.0,0.0,0.0,0.0,0.0,0.0,13.0,0.0,15.0,0.0
2/6/2013,16,median,0,15,0,0,0,0,0,0,0,0,0,0,0,0,0,0,0,15,0,15,0
2/6/2013,16,min,0,5,0,0,0,0,0,0,0,0,0,0,0,0,0,0,0,10,0,15,0
2/6/2013,16,max,0,15,0,3,0,3,0,10,0,0,0,0,0,0,0,0,0,15,0,15,0
2/6/2013,16,frequency,0,100,0,7,0,7,0,7,0,0,0,0,0,0,0,0,0,100,0,100,0
2/6/2013,17,1,0,20,0,3,0,0,0,0,0,0,0,0,0,0,0,0,0,20,0,15,0
2/6/2013,17,2,0,30,0,0,0,0,0,0,0,0,0,0,0,0,0,0,0,30,0,15,0
2/6/2013,17,3,0,35,0,3,0,0,0,0,0,0,0,0,0,0,0,0,0,35,0,15,0
2/6/2013,17,4,0,10,0,5,0,0,0,0,0,0,0,0,0,0,0,0,0,15,0,15,0
2/6/2013,17,5,0,5,0,15,0,0,0,0,0,0,0,0,0,0,0,0,0,20,0,15,0
2/6/2013,17,6,0,20,0,5,0,0,0,0,0,0,0,0,0,0,0,0,0,25,0,15,0
2/6/2013,17,7,0,15,0,5,0,0,0,0,0,0,0,0,0,0,0,0,0,20,0,15,0
2/6/2013,17,8,0,30,0,3,0,0,0,0,0,0,0,0,0,0,0,0,0,30,0,15,0
2/6/2013,17,9,0,35,0,3,0,0,0,0,0,0,0,0,0,0,0,0,0,35,0,15,0
2/6/2013,17,10,0,30,0,3,0,0,0,0,0,0,0,0,0,0,0,0,0,30,0,15,0
2/6/2013,17,11,0,25,0,5,0,0,0,0,0,0,0,0,0,0,0,0,0,30,0,15,0
2/6/2013,17,12,0,15,0,5,0,0,0,0,0,0,0,0,0,0,0,0,0,20,0,15,0
2/6/2013,17,13,0,35,0,3,0,0,0,0,0,0,0,0,0,0,0,0,0,35,0,15,0
2/6/2013,17,14,0,25,0,3,0,0,0,0,0,0,0,0,0,0,0,0,0,25,0,15,0
2/6/2013,17,15,0,20,0,5,0,0,0,0,0,0,0,0,0,0,0,0,0,25,0,15,0
2/6/2013,17,mean,0.0,23.3,0.0,4.4,0.0,0.0,0.0,0.0,0.0,0.0,0.0,0.0,0.0,0.0,0.0,0.0,0.0,26.3,0.0,15.0,0.0
2/6/2013,17,median,0,25,0,3,0,0,0,0,0,0,0,0,0,0,0,0,0,25,0,15,0
2/6/2013,17,min,0,5,0,0,0,0,0,0,0,0,0,0,0,0,0,0,0,15,0,15,0
2/6/2013,17,max,0,35,0,15,0,0,0,0,0,0,0,0,0,0,0,0,0,35,0,15,0
2/6/2013,17,frequency,0,100,0,93,0,0,0,0,0,0,0,0,0,0,0,0,0,100,0,100,0
2/6/2013,18,1,0,5,0,0,0,0,0,0,0,0,0,0,0,0,0,0,0,5,0,5,0
2/6/2013,18,2,0,5,0,0,0,0,0,0,0,0,0,0,0,0,0,0,0,5,0,5,0
2/6/2013,18,3,0,10,0,0,0,0,0,0,0,0,0,0,0,0,0,0,0,10,0,5,0
2/6/2013,18,4,0,5,0,0,0,0,0,0,0,0,0,0,0,0,0,0,0,5,0,5,0
2/6/2013,18,5,0,5,0,0,0,0,0,0,0,0,0,0,0,0,0,0,0,5,0,5,0
2/6/2013,18,6,0,5,0,0,0,0,0,0,0,0,0,0,0,0,0,0,0,5,0,5,0
2/6/2013,18,7,0,10,0,0,0,0,0,0,0,0,0,0,0,0,0,0,0,10,0,5,0
2/6/2013,18,8,0,5,0,0,0,0,0,0,0,0,0,0,0,0,0,0,0,5,0,5,0
2/6/2013,18,9,0,15,0,0,0,0,0,0,0,0,0,0,0,0,0,0,0,15,0,5,0
2/6/2013,18,10,0,15,0,0,0,0,0,0,0,0,0,0,0,0,0,0,0,15,0,5,0
2/6/2013,18,11,0,15,0,0,0,0,0,0,0,0,0,0,0,0,0,0,0,15,0,5,0
2/6/2013,18,12,0,15,0,0,0,0,0,0,0,0,0,0,0,0,0,0,0,15,0,5,0
2/6/2013,18,13,0,10,0,3,0,0,0,0,0,0,0,0,0,0,0,0,0,10,0,5,0
2/6/2013,18,14,0,15,0,0,0,0,0,0,0,0,0,0,0,0,0,0,0,15,0,5,0
2/6/2013,18,15,0,10,0,0,0,0,0,0,0,0,0,0,0,0,0,0,0,10,0,5,0
2/6/2013,18,mean,0.0,9.7,0.0,0.2,0.0,0.0,0.0,0.0,0.0,0.0,0.0,0.0,0.0,0.0,0.0,0.0,0.0,9.7,0.0,5.0,0.0
2/6/2013,18,median,0,10,0,0,0,0,0,0,0,0,0,0,0,0,0,0,0,10,0,5,0
2/6/2013,18,min,0,5,0,0,0,0,0,0,0,0,0,0,0,0,0,0,0,5,0,5,0
2/6/2013,18,max,0,15,0,3,0,0,0,0,0,0,0,0,0,0,0,0,0,15,0,5,0
2/6/2013,18,frequency,0,100,0,7,0,0,0,0,0,0,0,0,0,0,0,0,0,100,0,100,0
2/6/2013,19,1,0,10,0,3,0,0,0,0,0,0,0,0,0,0,0,0,0,10,0,5,0
2/6/2013,19,2,0,5,0,0,0,5,0,0,0,0,0,0,0,0,0,0,0,10,0,5,0
2/6/2013,19,3,0,10,0,3,0,5,0,0,0,0,0,0,0,0,0,0,0,15,0,5,0
2/6/2013,19,4,0,10,0,3,0,0,0,0,0,0,0,0,0,0,0,0,0,10,0,5,0
2/6/2013,19,5,0,3,0,3,0,0,0,0,0,0,0,0,0,0,0,0,0,5,0,5,0
2/6/2013,19,6,0,5,0,3,0,0,0,0,0,0,0,0,0,0,0,0,0,5,0,5,0
2/6/2013,19,7,0,5,0,3,0,0,0,0,0,0,0,0,0,0,0,0,0,5,0,5,0
2/6/2013,19,8,0,10,0,5,0,0,0,0,0,0,0,0,0,0,0,0,0,15,0,5,0
2/6/2013,19,9,0,10,0,3,0,0,0,0,0,0,0,0,0,0,0,0,0,10,0,5,0
2/6/2013,19,10,0,5,0,3,0,5,0,0,0,0,0,0,0,0,0,0,0,10,0,5,0
2/6/2013,19,11,0,15,0,3,0,0,0,0,0,0,0,0,0,0,0,0,0,15,0,5,0
2/6/2013,19,12,0,10,0,3,0,0,3,0,0,0,0,0,0,0,0,0,0,10,0,5,0
2/6/2013,19,13,0,10,0,0,0,10,0,0,0,0,0,0,0,0,0,0,0,20,0,5,0
2/6/2013,19,14,0,5,0,0,0,15,0,0,0,0,0,0,0,0,0,0,0,20,0,5,0
2/6/2013,19,15,0,10,0,0,0,0,0,0,0,0,0,0,0,0,0,0,0,10,0,5,0
2/6/2013,19,mean,0.0,8.2,0.0,2.3,0.0,2.7,0.2,0.0,0.0,0.0,0.0,0.0,0.0,0.0,0.0,0.0,0.0,11.3,0.0,5.0,0.0
2/6/2013,19,median,0,10,0,3,0,0,0,0,0,0,0,0,0,0,0,0,0,10,0,5,0
2/6/2013,19,min,0,3,0,0,0,0,0,0,0,0,0,0,0,0,0,0,0,5,0,5,0
2/6/2013,19,max,0,15,0,5,0,15,3,0,0,0,0,0,0,0,0,0,0,20,0,5,0
2/6/2013,19,frequency,0,100,0,73,0,33,7,0,0,0,0,0,0,0,0,0,0,100,0,100,0
2/6/2013,20,1,0,10,0,0,0,3,0,0,0,0,0,0,0,0,0,0,0,10,0,10,10
2/6/2013,20,2,0,5,0,0,0,10,0,0,0,0,0,0,0,0,0,0,0,15,0,10,10
2/6/2013,20,3,0,5,0,0,0,10,0,0,0,0,0,0,0,0,0,0,0,15,0,10,10
2/6/2013,20,4,0,10,0,0,0,0,0,0,0,0,0,0,0,0,0,0,0,10,0,10,10
2/6/2013,20,5,0,10,0,0,0,3,0,0,0,0,0,0,0,0,0,0,0,10,0,10,10
2/6/2013,20,6,0,5,0,0,0,5,0,0,0,0,0,0,0,0,0,0,0,10,0,10,10
2/6/2013,20,7,0,5,0,0,0,15,0,0,0,0,0,0,0,0,0,0,0,20,0,10,10
2/6/2013,20,8,0,5,0,0,0,0,0,0,0,0,0,0,0,0,0,0,0,5,0,10,10
2/6/2013,20,9,0,5,0,0,0,5,0,0,0,0,0,0,0,0,0,0,0,10,0,10,10
2/6/2013,20,10,0,10,0,0,0,0,0,0,0,0,0,0,0,0,0,0,0,10,0,10,10
2/6/2013,20,11,0,5,0,3,0,5,0,0,0,0,0,0,0,0,0,0,0,10,0,10,10
2/6/2013,20,12,0,10,0,0,0,5,3,0,0,0,0,0,0,0,0,0,0,10,0,10,10
2/6/2013,20,13,0,5,0,0,0,5,0,0,0,0,0,0,0,0,0,0,0,10,0,10,10
2/6/2013,20,14,0,5,0,0,0,15,0,0,0,0,0,0,0,0,0,0,0,20,0,10,10
2/6/2013,20,15,0,10,0,3,0,5,0,0,0,0,0,0,0,0,0,0,0,15,0,10,10
2/6/2013,20,mean,0.0,7.0,0.0,0.4,0.0,5.7,0.2,0.0,0.0,0.0,0.0,0.0,0.0,0.0,0.0,0.0,0.0,12.0,0.0,10.0,10.0
2/6/2013,20,median,0,5,0,0,0,5,0,0,0,0,0,0,0,0,0,0,0,10,0,10,10
2/6/2013,20,min,0,5,0,0,0,0,0,0,0,0,0,0,0,0,0,0,0,5,0,10,10
2/6/2013,20,max,0,10,0,3,0,15,3,0,0,0,0,0,0,0,0,0,0,20,0,10,10
2/6/2013,20,frequency,0,100,0,13,0,80,7,0,0,0,0,0,0,0,0,0,0,100,0,100,100
2/6/2013,21,1,0,3,0,0,0,15,0,0,0,0,0,0,0,0,0,0,0,15,0,10,15
2/6/2013,21,2,0,3,0,0,0,25,0,0,0,0,0,0,0,0,0,0,0,25,0,10,15
2/6/2013,21,3,0,0,0,0,0,45,0,0,0,0,0,0,0,0,0,0,0,45,0,10,15
2/6/2013,21,4,0,5,0,0,0,15,0,0,0,0,0,0,0,0,0,0,0,20,0,10,15
2/6/2013,21,5,0,3,0,0,0,20,0,0,0,0,0,0,0,0,0,0,0,20,0,10,15
2/6/2013,21,6,0,3,0,0,0,10,0,0,0,0,0,0,0,0,0,0,0,10,0,10,15
2/6/2013,21,7,0,3,0,0,0,20,0,0,0,0,0,0,0,0,0,0,0,20,0,10,15
2/6/2013,21,8,0,10,0,0,0,10,0,0,0,0,0,0,0,0,0,0,0,20,0,10,15
2/6/2013,21,9,0,0,0,0,0,15,0,0,0,0,0,0,0,0,0,0,0,15,0,10,15
2/6/2013,21,10,0,5,0,0,0,10,0,0,0,0,0,0,0,0,0,0,0,15,0,10,15
2/6/2013,21,11,0,3,0,0,0,25,3,0,0,0,0,0,0,0,0,0,0,25,0,10,15
2/6/2013,21,12,0,0,0,0,0,25,3,0,0,0,0,0,0,0,0,0,0,25,0,10,15
2/6/2013,21,13,0,3,0,0,0,10,0,0,0,0,0,0,0,0,0,0,0,10,0,10,15
2/6/2013,21,14,0,5,0,0,0,10,0,0,0,0,0,0,0,0,0,0,5,20,0,10,15
2/6/2013,21,15,0,0,0,0,0,20,0,0,0,0,0,0,0,0,0,0,0,20,0,10,15
2/6/2013,21,mean,0.0,3.1,0.0,0.0,0.0,18.3,0.4,0.0,0.0,0.0,0.0,0.0,0.0,0.0,0.0,0.0,0.3,20.3,0.0,10.0,15.0
2/6/2013,21,median,0,3,0,0,0,15,0,0,0,0,0,0,0,0,0,0,0,20,0,10,15
2/6/2013,21,min,0,0,0,0,0,10,0,0,0,0,0,0,0,0,0,0,0,10,0,10,15
2/6/2013,21,max,0,10,0,0,0,45,3,0,0,0,0,0,0,0,0,0,5,45,0,10,15
2/6/2013,21,frequency,0,73,0,0,0,93,13,0,0,0,0,0,0,0,0,0,7,100,0,100,100
Gator,22,1,NA,NA,NA,NA,NA,NA,NA,NA,NA,NA,NA,NA,NA,NA,NA,NA,NA,NA,NA,NA,NA
Gator,22,2,NA,NA,NA,NA,NA,NA,NA,NA,NA,NA,NA,NA,NA,NA,NA,NA,NA,NA,NA,NA,NA
Gator,22,3,NA,NA,NA,NA,NA,NA,NA,NA,NA,NA,NA,NA,NA,NA,NA,NA,NA,NA,NA,NA,NA
Gator,22,4,NA,NA,NA,NA,NA,NA,NA,NA,NA,NA,NA,NA,NA,NA,NA,NA,NA,NA,NA,NA,NA
Gator,22,5,NA,NA,NA,NA,NA,NA,NA,NA,NA,NA,NA,NA,NA,NA,NA,NA,NA,NA,NA,NA,NA
Gator,22,6,NA,NA,NA,NA,NA,NA,NA,NA,NA,NA,NA,NA,NA,NA,NA,NA,NA,NA,NA,NA,NA
Gator,22,7,NA,NA,NA,NA,NA,NA,NA,NA,NA,NA,NA,NA,NA,NA,NA,NA,NA,NA,NA,NA,NA
Gator,22,8,NA,NA,NA,NA,NA,NA,NA,NA,NA,NA,NA,NA,NA,NA,NA,NA,NA,NA,NA,NA,NA
Gator,22,9,NA,NA,NA,NA,NA,NA,NA,NA,NA,NA,NA,NA,NA,NA,NA,NA,NA,NA,NA,NA,NA
Gator,22,10,NA,NA,NA,NA,NA,NA,NA,NA,NA,NA,NA,NA,NA,NA,NA,NA,NA,NA,NA,NA,NA
Gator,22,11,NA,NA,NA,NA,NA,NA,NA,NA,NA,NA,NA,NA,NA,NA,NA,NA,NA,NA,NA,NA,NA
Gator,22,12,NA,NA,NA,NA,NA,NA,NA,NA,NA,NA,NA,NA,NA,NA,NA,NA,NA,NA,NA,NA,NA
Gator,22,13,NA,NA,NA,NA,NA,NA,NA,NA,NA,NA,NA,NA,NA,NA,NA,NA,NA,NA,NA,NA,NA
Gator,22,14,NA,NA,NA,NA,NA,NA,NA,NA,NA,NA,NA,NA,NA,NA,NA,NA,NA,NA,NA,NA,NA
Gator,22,15,NA,NA,NA,NA,NA,NA,NA,NA,NA,NA,NA,NA,NA,NA,NA,NA,NA,NA,NA,NA,NA
Gator,22,mean,NA,NA,NA,NA,NA,NA,NA,NA,NA,NA,NA,NA,NA,NA,NA,NA,NA,NA,NA,NA,NA
Gator,22,median,NA,NA,NA,NA,NA,NA,NA,NA,NA,NA,NA,NA,NA,NA,NA,NA,NA,NA,NA,NA,NA
Gator,22,min,NA,NA,NA,NA,NA,NA,NA,NA,NA,NA,NA,NA,NA,NA,NA,NA,NA,NA,NA,NA,NA
Gator,22,max,NA,NA,NA,NA,NA,NA,NA,NA,NA,NA,NA,NA,NA,NA,NA,NA,NA,NA,NA,NA,NA
Gator,22,frequency,NA,NA,NA,NA,NA,NA,NA,NA,NA,NA,NA,NA,NA,NA,NA,NA,NA,NA,NA,NA,NA
1/31/2013,23,1,90,0,0,0,0,0,0,0,0,0,0,0,0,0,0,0,0,90,35,0,0
1/31/2013,23,2,95,0,0,0,0,0,0,0,0,0,0,0,0,0,0,0,0,95,35,0,0
1/31/2013,23,3,100,0,0,0,0,0,0,0,0,0,0,0,0,0,0,0,0,100,35,0,0
1/31/2013,23,4,85,0,0,0,0,0,0,0,0,0,0,0,0,0,0,0,0,85,35,0,0
1/31/2013,23,5,100,0,0,0,0,0,0,0,0,0,0,0,0,0,0,0,0,100,35,0,0
1/31/2013,23,6,100,0,0,0,0,0,0,0,0,0,0,0,0,0,0,0,0,100,35,0,0
1/31/2013,23,7,100,0,0,0,0,0,0,0,0,0,0,0,0,0,0,0,0,100,35,0,0
1/31/2013,23,8,100,0,0,0,0,0,0,0,0,0,0,0,0,0,0,0,0,100,35,0,0
1/31/2013,23,9,100,0,0,0,0,0,0,0,0,0,0,0,0,0,0,0,0,100,35,0,0
1/31/2013,23,10,70,0,0,0,0,0,0,0,0,0,0,0,0,0,0,0,0,70,35,0,0
1/31/2013,23,11,100,0,0,0,0,0,0,0,0,0,0,0,0,0,0,0,0,100,35,0,0
1/31/2013,23,12,55,0,0,0,0,0,0,0,0,0,0,0,0,0,0,0,0,55,35,0,0
1/31/2013,23,13,100,0,0,0,0,0,0,0,0,0,0,0,0,0,0,0,0,100,35,0,0
1/31/2013,23,14,90,0,0,0,0,0,0,0,0,0,0,0,0,0,0,0,0,90,35,0,0
1/31/2013,23,15,100,0,0,0,0,0,0,0,0,0,0,0,0,0,0,0,0,100,35,0,0
1/31/2013,23,mean,92.3,0.0,0.0,0.0,0.0,0.0,0.0,0.0,0.0,0.0,0.0,0.0,0.0,0.0,0.0,0.0,0.0,92.3,35.0,0.0,0.0
1/31/2013,23,median,100,0,0,0,0,0,0,0,0,0,0,0,0,0,0,0,0,100,35,0,0
1/31/2013,23,min,55,0,0,0,0,0,0,0,0,0,0,0,0,0,0,0,0,55,35,0,0
1/31/2013,23,max,100,0,0,0,0,0,0,0,0,0,0,0,0,0,0,0,0,100,35,0,0
1/31/2013,23,frequency,100,0,0,0,0,0,0,0,0,0,0,0,0,0,0,0,0,100,100,0,0
1/31/2013,24,1,100,0,0,0,0,0,0,0,0,0,0,0,0,0,0,0,0,100,70,0,0
1/31/2013,24,2,100,0,0,0,0,0,0,0,0,0,0,0,0,0,0,0,0,100,70,0,0
1/31/2013,24,3,100,0,0,0,0,0,0,0,0,0,0,0,0,0,0,0,0,100,70,0,0
1/31/2013,24,4,100,0,0,0,0,0,0,0,0,0,0,0,0,0,0,0,0,100,70,0,0
1/31/2013,24,5,100,0,0,0,0,0,0,0,0,0,0,0,0,0,0,0,0,100,70,0,0
1/31/2013,24,6,100,0,0,0,0,0,0,0,0,0,0,0,0,0,0,0,0,100,70,0,0
1/31/2013,24,7,100,0,0,0,0,0,0,0,0,0,0,0,0,0,0,0,0,100,70,0,0
1/31/2013,24,8,100,0,0,0,0,0,0,0,0,0,0,0,0,0,0,0,0,100,70,0,0
1/31/2013,24,9,100,0,0,0,0,0,0,0,0,0,0,0,0,0,0,0,0,100,70,0,0
1/31/2013,24,10,100,0,0,0,0,0,0,0,0,0,0,0,0,0,0,0,0,100,70,0,0
1/31/2013,24,11,95,0,0,0,0,0,0,0,0,0,0,0,0,0,0,0,0,95,70,0,0
1/31/2013,24,12,100,0,0,0,0,0,0,0,0,0,0,0,0,0,0,0,0,100,70,0,0
1/31/2013,24,13,100,0,0,0,0,0,0,0,0,0,0,0,0,0,0,0,0,100,70,0,0
1/31/2013,24,14,100,0,0,0,0,0,0,0,0,0,0,0,0,0,0,0,0,100,70,0,0
1/31/2013,24,15,100,0,0,0,0,0,0,0,0,0,0,0,0,0,0,0,0,100,70,0,0
1/31/2013,24,mean,99.7,0.0,0.0,0.0,0.0,0.0,0.0,0.0,0.0,0.0,0.0,0.0,0.0,0.0,0.0,0.0,0.0,99.7,70.0,0.0,0.0
1/31/2013,24,median,100,0,0,0,0,0,0,0,0,0,0,0,0,0,0,0,0,100,70,0,0
1/31/2013,24,min,95,0,0,0,0,0,0,0,0,0,0,0,0,0,0,0,0,95,70,0,0
1/31/2013,24,max,100,0,0,0,0,0,0,0,0,0,0,0,0,0,0,0,0,100,70,0,0
1/31/2013,24,frequency,100,0,0,0,0,0,0,0,0,0,0,0,0,0,0,0,0,100,100,0,0
1/28/2013,25,1,0,0,0,0,0,0,0,0,0,0,0,0,0,0,0,0,0,0,0,0,0
1/28/2013,25,2,0,0,0,0,0,0,0,0,0,0,0,0,0,0,0,0,0,0,0,0,0
1/28/2013,25,3,0,0,3,0,0,0,0,0,0,0,0,0,0,0,0,0,0,3,0,0,0
1/28/2013,25,4,0,0,0,0,0,0,0,0,0,0,0,0,0,0,0,0,0,0,0,0,0
1/28/2013,25,5,0,0,0,0,0,0,0,0,0,0,0,0,0,0,0,0,0,0,0,0,0
1/28/2013,25,6,0,0,0,0,0,0,0,0,0,0,0,0,0,0,0,0,0,0,0,0,0
1/28/2013,25,7,0,0,0,0,0,0,0,0,0,0,0,0,0,0,0,0,0,0,0,0,0
1/28/2013,25,8,0,0,0,0,0,0,0,0,0,0,0,0,0,0,0,0,0,0,0,0,0
1/28/2013,25,9,0,0,0,0,0,0,0,0,0,0,0,0,0,0,0,0,0,0,0,0,0
1/28/2013,25,10,0,0,0,0,0,0,0,0,0,0,0,0,0,0,0,0,0,0,0,0,0
1/28/2013,25,11,0,0,0,0,0,0,0,0,0,0,0,0,0,0,0,0,0,0,0,0,0
1/28/2013,25,12,0,0,0,0,0,0,0,0,0,0,0,0,0,0,0,0,0,0,0,0,0
1/28/2013,25,13,0,0,0,0,0,0,0,0,0,0,0,0,0,0,0,0,0,0,0,0,0
1/28/2013,25,14,0,0,0,0,0,0,0,0,0,0,0,0,0,0,0,0,0,0,0,0,0
1/28/2013,25,15,0,0,0,0,0,0,0,0,0,0,0,0,0,0,0,0,0,0,0,0,0
1/28/2013,25,mean,0.0,0.0,0.2,0.0,0.0,0.0,0.0,0.0,0.0,0.0,0.0,0.0,0.0,0.0,0.0,0.0,0.0,0.2,0.0,0.0,0.0
1/28/2013,25,median,0,0,0,0,0,0,0,0,0,0,0,0,0,0,0,0,0,0,0,0,0
1/28/2013,25,min,0,0,0,0,0,0,0,0,0,0,0,0,0,0,0,0,0,0,0,0,0
1/28/2013,25,max,0,0,3,0,0,0,0,0,0,0,0,0,0,0,0,0,0,3,0,0,0
1/28/2013,25,frequency,0,0,7,0,0,0,0,0,0,0,0,0,0,0,0,0,0,7,0,0,0
1/28/2013,26,1,3,0,0,0,0,0,0,0,0,0,0,0,0,0,0,0,0,3,20,0,0
1/28/2013,26,2,3,0,0,0,0,0,0,0,0,0,0,0,0,0,0,0,0,3,20,0,0
1/28/2013,26,3,5,0,0,0,0,0,0,0,0,0,0,0,0,0,0,0,0,5,20,0,0
1/28/2013,26,4,20,0,0,0,0,0,0,0,0,0,0,0,0,0,0,0,0,20,20,0,0
1/28/2013,26,5,85,0,0,0,0,0,0,0,0,0,0,0,0,0,0,0,0,85,20,0,0
1/28/2013,26,6,3,0,0,0,0,0,0,0,0,0,0,0,0,0,0,0,0,3,20,0,0
1/28/2013,26,7,3,0,0,0,0,0,0,0,0,0,0,0,0,0,0,0,0,3,20,0,0
1/28/2013,26,8,5,0,0,0,0,0,0,0,0,0,0,0,0,0,0,0,0,5,20,0,0
1/28/2013,26,9,5,0,0,0,0,0,0,0,0,0,0,0,0,0,0,0,0,5,20,0,0
1/28/2013,26,10,5,0,0,0,0,0,0,0,0,0,0,0,0,0,0,0,0,5,20,0,0
1/28/2013,26,11,3,0,0,0,0,0,0,0,0,0,0,0,0,0,0,0,0,3,20,0,0
1/28/2013,26,12,0,0,0,0,0,0,0,0,0,0,0,0,0,0,0,0,0,0,20,0,0
1/28/2013,26,13,0,0,0,0,0,0,0,0,0,0,0,0,0,0,0,0,0,0,20,0,0
1/28/2013,26,14,0,0,0,0,0,0,0,0,0,0,0,0,0,0,0,0,0,0,20,0,0
1/28/2013,26,15,5,0,0,0,0,0,0,0,0,0,0,0,0,0,0,0,0,5,20,0,0
1/28/2013,26,mean,9.7,0.0,0.0,0.0,0.0,0.0,0.0,0.0,0.0,0.0,0.0,0.0,0.0,0.0,0.0,0.0,0.0,9.7,20.0,0.0,0.0
1/28/2013,26,median,3,0,0,0,0,0,0,0,0,0,0,0,0,0,0,0,0,3,20,0,0
1/28/2013,26,min,0,0,0,0,0,0,0,0,0,0,0,0,0,0,0,0,0,0,20,0,0
1/28/2013,26,max,85,0,0,0,0,0,0,0,0,0,0,0,0,0,0,0,0,85,20,0,0
1/28/2013,26,frequency,80,0,0,0,0,0,0,0,0,0,0,0,0,0,0,0,0,80,100,0,0
1/28/2013,27,1,0,0,0,0,0,0,0,0,0,0,0,0,0,0,0,0,0,0,0,0,0
1/28/2013,27,2,0,0,0,0,0,0,0,0,0,0,0,0,0,0,0,0,0,0,0,0,0
1/28/2013,27,3,0,0,0,0,0,0,0,0,0,0,0,0,0,0,0,0,0,0,0,0,0
1/28/2013,27,4,0,0,0,0,0,0,0,0,0,0,0,0,0,0,0,0,0,0,0,0,0
1/28/2013,27,5,0,0,0,0,0,0,0,0,0,0,0,0,0,0,0,0,0,0,0,0,0
1/28/2013,27,6,0,0,0,0,0,0,0,0,0,0,0,0,0,0,0,0,0,0,0,0,0
1/28/2013,27,7,0,0,0,0,0,0,0,0,0,0,0,0,0,0,0,0,0,0,0,0,0
1/28/2013,27,8,0,0,0,0,0,0,0,0,0,0,0,0,0,0,0,0,0,0,0,0,0
1/28/2013,27,9,0,0,0,0,0,0,0,0,0,0,0,0,0,0,0,0,0,0,0,0,0
1/28/2013,27,10,0,0,0,0,0,0,0,0,0,0,0,0,0,0,0,0,0,0,0,0,0
1/28/2013,27,11,0,0,0,0,0,0,0,0,0,0,0,0,0,0,0,0,0,0,0,0,0
1/28/2013,27,12,0,0,0,0,0,0,0,0,0,0,0,0,0,0,0,0,0,0,0,0,0
1/28/2013,27,13,0,0,0,0,0,0,0,0,0,0,0,0,0,0,0,0,0,0,0,0,0
1/28/2013,27,14,0,0,0,0,0,0,0,0,0,0,0,0,0,0,0,0,0,0,0,0,0
1/28/2013,27,15,0,0,0,0,0,0,0,0,0,0,0,0,0,0,0,0,0,0,0,0,0
1/28/2013,27,mean,0.0,0.0,0.0,0.0,0.0,0.0,0.0,0.0,0.0,0.0,0.0,0.0,0.0,0.0,0.0,0.0,0.0,0.0,0.0,0.0,0.0
1/28/2013,27,median,0,0,0,0,0,0,0,0,0,0,0,0,0,0,0,0,0,0,0,0,0
1/28/2013,27,min,0,0,0,0,0,0,0,0,0,0,0,0,0,0,0,0,0,0,0,0,0
1/28/2013,27,max,0,0,0,0,0,0,0,0,0,0,0,0,0,0,0,0,0,0,0,0,0
1/28/2013,27,frequency,0,0,0,0,0,0,0,0,0,0,0,0,0,0,0,0,0,0,0,0,0
1/28/2013,28,1,100,0,0,0,0,0,0,0,0,0,0,0,0,0,0,0,0,100,55,0,0
1/28/2013,28,2,100,0,0,0,0,0,0,0,0,0,0,0,0,0,0,0,0,100,55,0,0
1/28/2013,28,3,100,0,0,0,0,0,0,0,0,0,0,0,0,0,0,0,0,100,55,0,0
1/28/2013,28,4,100,0,0,0,0,0,0,0,0,0,0,0,0,0,0,0,0,100,55,0,0
1/28/2013,28,5,100,0,0,0,0,0,0,0,0,0,0,0,0,0,0,0,0,100,55,0,0
1/28/2013,28,6,100,0,0,0,0,0,0,0,0,0,0,0,0,0,0,0,0,100,55,0,0
1/28/2013,28,7,100,0,0,0,0,0,0,0,0,0,0,0,0,0,0,0,0,100,55,0,0
1/28/2013,28,8,100,0,0,0,0,0,0,0,0,0,0,0,0,0,0,0,0,100,55,0,0
1/28/2013,28,9,100,0,0,0,0,0,0,0,0,0,0,0,0,0,0,0,0,100,55,0,0
1/28/2013,28,10,10,0,0,0,0,0,0,0,0,0,0,0,0,0,0,0,0,10,55,0,0
1/28/2013,28,11,100,0,0,0,0,0,0,0,0,0,0,0,0,0,0,0,0,100,55,0,0
1/28/2013,28,12,100,0,0,0,0,0,0,0,0,0,0,0,0,0,0,0,0,100,55,0,0
1/28/2013,28,13,5,0,0,0,0,0,0,0,0,0,0,0,0,0,0,0,0,5,55,0,0
1/28/2013,28,14,100,0,0,0,0,0,0,0,0,0,0,0,0,0,0,0,0,100,55,0,0
1/28/2013,28,15,100,0,0,0,0,0,0,0,0,0,0,0,0,0,0,0,0,100,55,0,0
1/28/2013,28,mean,87.7,0.0,0.0,0.0,0.0,0.0,0.0,0.0,0.0,0.0,0.0,0.0,0.0,0.0,0.0,0.0,0.0,87.7,55.0,0.0,0.0
1/28/2013,28,median,100,0,0,0,0,0,0,0,0,0,0,0,0,0,0,0,0,100,55,0,0
1/28/2013,28,min,5,0,0,0,0,0,0,0,0,0,0,0,0,0,0,0,0,5,55,0,0
1/28/2013,28,max,100,0,0,0,0,0,0,0,0,0,0,0,0,0,0,0,0,100,55,0,0
1/28/2013,28,frequency,100,0,0,0,0,0,0,0,0,0,0,0,0,0,0,0,0,100,100,0,0
1/28/2013,29,1,0,0,0,0,0,0,0,0,0,0,0,0,0,0,0,0,0,0,0,0,0
1/28/2013,29,2,0,0,0,0,0,0,0,0,0,0,0,0,0,0,0,0,0,0,0,0,0
1/28/2013,29,3,0,0,0,0,0,0,0,0,0,0,0,0,0,0,0,0,0,0,0,0,0
1/28/2013,29,4,0,0,0,0,0,0,0,0,0,0,0,0,0,0,0,0,0,0,0,0,0
1/28/2013,29,5,0,0,0,0,0,0,0,0,0,0,0,0,0,0,0,0,0,0,0,0,0
1/28/2013,29,6,0,0,3,0,0,0,0,0,0,0,0,0,0,0,0,0,0,3,0,0,0
1/28/2013,29,7,0,0,0,0,0,0,0,0,0,0,0,0,0,0,0,0,0,0,0,0,0
1/28/2013,29,8,0,0,0,0,0,0,0,0,0,0,0,0,0,0,0,0,0,0,0,0,0
1/28/2013,29,9,0,0,0,0,0,0,0,0,0,0,0,0,0,0,0,0,0,0,0,0,0
1/28/2013,29,10,0,0,0,0,0,0,0,0,0,0,0,0,0,0,0,0,0,0,0,0,0
1/28/2013,29,11,0,0,0,0,0,0,0,0,0,0,0,0,0,0,0,0,0,0,0,0,0
1/28/2013,29,12,0,0,0,0,0,0,0,0,0,0,0,0,0,0,0,0,0,0,0,0,0
1/28/2013,29,13,0,0,0,0,0,0,0,0,0,0,0,0,0,0,0,0,0,0,0,0,0
1/28/2013,29,14,0,0,0,0,0,0,0,0,0,0,0,0,0,0,0,0,0,0,0,0,0
1/28/2013,29,15,0,0,0,0,0,0,0,0,0,0,0,0,0,0,0,0,0,0,0,0,0
1/28/2013,29,mean,0.0,0.0,0.2,0.0,0.0,0.0,0.0,0.0,0.0,0.0,0.0,0.0,0.0,0.0,0.0,0.0,0.0,0.2,0.0,0.0,0.0
1/28/2013,29,median,0,0,0,0,0,0,0,0,0,0,0,0,0,0,0,0,0,0,0,0,0
1/28/2013,29,min,0,0,0,0,0,0,0,0,0,0,0,0,0,0,0,0,0,0,0,0,0
1/28/2013,29,max,0,0,3,0,0,0,0,0,0,0,0,0,0,0,0,0,0,3,0,0,0
1/28/2013,29,frequency,0,0,7,0,0,0,0,0,0,0,0,0,0,0,0,0,0,7,0,0,0
1/28/2013,30,1,0,0,0,0,0,0,0,0,0,0,0,0,0,0,0,0,0,0,0,0,0
1/28/2013,30,2,0,0,0,0,0,0,0,0,0,0,0,0,0,0,0,0,0,0,0,0,0
1/28/2013,30,3,0,0,0,0,0,0,0,0,0,0,0,0,0,0,0,0,0,0,0,0,0
1/28/2013,30,4,0,0,0,0,0,0,0,0,0,0,0,0,0,0,0,0,0,0,0,0,0
1/28/2013,30,5,0,0,0,0,0,0,0,0,0,0,0,0,0,0,0,0,0,0,0,0,0
1/28/2013,30,6,0,0,0,0,0,0,0,0,0,0,0,0,0,0,0,0,0,0,0,0,0
1/28/2013,30,7,0,0,0,0,0,0,0,0,0,0,0,0,0,0,0,0,0,0,0,0,0
1/28/2013,30,8,0,0,0,0,0,0,0,0,0,0,0,0,0,0,0,0,0,0,0,0,0
1/28/2013,30,9,0,0,0,0,0,0,0,0,0,0,0,0,0,0,0,0,0,0,0,0,0
1/28/2013,30,10,0,0,0,0,0,0,0,0,0,0,0,0,0,0,0,0,0,0,0,0,0
1/28/2013,30,11,0,0,0,0,0,0,0,0,0,0,0,0,0,0,0,0,0,0,0,0,0
1/28/2013,30,12,0,0,0,0,0,0,0,0,0,0,0,0,0,0,0,0,0,0,0,0,0
1/28/2013,30,13,0,0,0,0,0,0,0,0,0,0,0,0,0,0,0,0,0,0,0,0,0
1/28/2013,30,14,0,0,0,0,0,0,0,0,0,0,0,0,0,0,0,0,0,0,0,0,0
1/28/2013,30,15,0,0,0,0,0,0,0,0,0,0,0,0,0,0,0,0,0,0,0,0,0
1/28/2013,30,mean,0.0,0.0,0.0,0.0,0.0,0.0,0.0,0.0,0.0,0.0,0.0,0.0,0.0,0.0,0.0,0.0,0.0,0.0,0.0,0.0,0.0
1/28/2013,30,median,0,0,0,0,0,0,0,0,0,0,0,0,0,0,0,0,0,0,0,0,0
1/28/2013,30,min,0,0,0,0,0,0,0,0,0,0,0,0,0,0,0,0,0,0,0,0,0
1/28/2013,30,max,0,0,0,0,0,0,0,0,0,0,0,0,0,0,0,0,0,0,0,0,0
1/28/2013,30,frequency,0,0,0,0,0,0,0,0,0,0,0,0,0,0,0,0,0,0,0,0,0
1/23/2013,31,1,100,0,0,0,0,0,0,0,0,0,0,0,0,0,0,0,0,100,70,0,0
1/23/2013,31,2,100,0,0,0,0,0,0,0,0,0,0,0,0,0,0,0,0,100,70,0,0
1/23/2013,31,3,100,0,0,0,0,0,0,0,0,0,0,0,0,0,0,0,0,100,70,0,0
1/23/2013,31,4,100,0,0,0,0,0,0,0,0,0,0,0,0,0,0,0,0,100,70,0,0
1/23/2013,31,5,100,0,0,0,0,0,0,0,0,0,0,0,0,0,0,0,0,100,70,0,0
1/23/2013,31,6,100,0,0,0,0,0,0,0,0,0,0,0,0,0,0,0,0,100,70,0,0
1/23/2013,31,7,100,0,0,0,0,0,0,0,0,0,0,0,0,0,0,0,0,100,70,0,0
1/23/2013,31,8,100,0,0,0,0,0,0,0,0,0,0,0,0,0,0,0,0,100,70,0,0
1/23/2013,31,9,100,0,0,0,0,0,0,0,0,0,0,0,0,0,0,0,0,100,70,0,0
1/23/2013,31,10,100,0,0,0,0,0,0,0,0,0,0,0,0,0,0,0,0,100,70,0,0
1/23/2013,31,11,100,0,0,0,0,0,0,0,0,0,0,0,0,0,0,0,0,100,70,0,0
1/23/2013,31,12,100,0,0,0,0,0,0,0,0,0,0,0,0,0,0,0,0,100,70,0,0
1/23/2013,31,13,100,0,0,0,0,0,0,0,0,0,0,0,0,0,0,0,0,100,70,0,0
1/23/2013,31,14,100,0,0,0,0,0,0,0,0,0,0,0,0,0,0,0,0,100,70,0,0
1/23/2013,31,15,100,0,0,0,0,0,0,0,0,0,0,0,0,0,0,0,0,100,70,0,0
1/23/2013,31,mean,100.0,0.0,0.0,0.0,0.0,0.0,0.0,0.0,0.0,0.0,0.0,0.0,0.0,0.0,0.0,0.0,0.0,100.0,70.0,0.0,0.0
1/23/2013,31,median,100,0,0,0,0,0,0,0,0,0,0,0,0,0,0,0,0,100,70,0,0
1/23/2013,31,min,100,0,0,0,0,0,0,0,0,0,0,0,0,0,0,0,0,100,70,0,0
1/23/2013,31,max,100,0,0,0,0,0,0,0,0,0,0,0,0,0,0,0,0,100,70,0,0
1/23/2013,31,frequency,100,0,0,0,0,0,0,0,0,0,0,0,0,0,0,0,0,100,100,0,0
1/23/2013,32,1,100,0,0,0,0,0,0,0,0,0,0,0,0,0,0,0,0,100,40,0,0
1/23/2013,32,2,100,0,0,0,0,0,0,0,0,0,0,0,0,0,0,0,0,100,40,0,0
1/23/2013,32,3,100,0,0,0,0,0,0,0,0,0,0,0,0,0,0,0,0,100,40,0,0
1/23/2013,32,4,100,0,0,0,0,0,0,0,0,0,0,0,0,0,0,0,0,100,40,0,0
1/23/2013,32,5,100,0,0,0,0,0,0,0,0,0,0,0,0,0,0,0,0,100,40,0,0
1/23/2013,32,6,100,0,0,0,0,0,0,0,0,0,0,0,0,0,0,0,0,100,40,0,0
1/23/2013,32,7,100,0,0,0,0,0,0,0,0,0,0,0,0,0,0,0,0,100,40,0,0
1/23/2013,32,8,100,0,0,0,0,0,0,0,0,0,0,0,0,0,0,0,0,100,40,0,0
1/23/2013,32,9,100,0,0,0,0,0,0,0,0,0,0,0,0,0,0,0,0,100,40,0,0
1/23/2013,32,10,100,0,0,0,0,0,0,0,0,0,0,0,0,0,0,0,0,100,40,0,0
1/23/2013,32,11,100,0,0,0,0,0,0,0,0,0,0,0,0,0,0,0,0,100,40,0,0
1/23/2013,32,12,100,0,0,0,0,0,0,0,0,0,0,0,0,0,0,0,0,100,40,0,0
1/23/2013,32,13,100,0,0,0,0,0,0,0,0,0,0,0,0,0,0,0,0,100,40,0,0
1/23/2013,32,14,100,0,0,0,0,0,0,0,0,0,0,0,0,0,0,0,0,100,40,0,0
1/23/2013,32,15,100,0,0,0,0,0,0,0,0,0,0,0,0,0,0,0,0,100,40,0,0
1/23/2013,32,mean,100.0,0.0,0.0,0.0,0.0,0.0,0.0,0.0,0.0,0.0,0.0,0.0,0.0,0.0,0.0,0.0,0.0,100.0,40.0,0.0,0.0
1/23/2013,32,median,100,0,0,0,0,0,0,0,0,0,0,0,0,0,0,0,0,100,40,0,0
1/23/2013,32,min,100,0,0,0,0,0,0,0,0,0,0,0,0,0,0,0,0,100,40,0,0
1/23/2013,32,max,100,0,0,0,0,0,0,0,0,0,0,0,0,0,0,0,0,100,40,0,0
1/23/2013,32,frequency,100,0,0,0,0,0,0,0,0,0,0,0,0,0,0,0,0,100,100,0,0
1/23/2013,33,1,100,0,0,5,0,0,0,0,0,0,0,0,0,0,0,0,0,100,50,0,0
1/23/2013,33,2,100,0,0,0,0,0,0,0,0,0,0,0,0,0,0,0,0,100,50,0,0
1/23/2013,33,3,15,0,0,3,0,0,0,0,0,0,0,0,0,0,0,0,0,15,50,0,0
1/23/2013,33,4,90,0,0,5,0,0,0,0,0,0,0,0,0,0,0,0,0,90,50,0,0
1/23/2013,33,5,10,0,0,0,0,0,0,0,0,0,0,0,0,0,0,0,0,10,50,0,0
1/23/2013,33,6,95,0,0,5,0,0,0,0,0,0,0,0,0,0,0,0,0,95,50,0,0
1/23/2013,33,7,100,0,0,3,0,0,0,0,0,0,0,0,0,0,0,0,0,100,50,0,0
1/23/2013,33,8,100,0,0,5,0,0,0,0,0,0,0,0,0,0,0,0,0,100,50,0,0
1/23/2013,33,9,100,0,0,5,0,0,0,0,0,0,0,0,0,0,0,0,0,100,50,0,0
1/23/2013,33,10,85,0,0,5,0,0,0,0,0,0,0,0,0,0,0,0,0,85,50,0,0
1/23/2013,33,11,100,0,0,0,0,0,0,0,0,0,0,0,0,0,0,0,0,100,50,0,0
1/23/2013,33,12,100,0,0,5,0,0,0,0,0,0,0,0,0,0,0,0,0,100,50,0,0
1/23/2013,33,13,100,0,0,3,0,0,0,0,0,0,0,0,0,0,0,0,0,100,50,0,0
1/23/2013,33,14,100,0,0,3,0,0,0,0,0,0,0,0,0,0,0,0,0,100,50,0,0
1/23/2013,33,15,100,0,0,3,0,0,0,0,0,0,0,0,0,0,0,0,0,100,50,0,0
1/23/2013,33,mean,86.3,0.0,0.0,3.3,0.0,0.0,0.0,0.0,0.0,0.0,0.0,0.0,0.0,0.0,0.0,0.0,0.0,86.3,50.0,0.0,0.0
1/23/2013,33,median,100,0,0,3,0,0,0,0,0,0,0,0,0,0,0,0,0,100,50,0,0
1/23/2013,33,min,10,0,0,0,0,0,0,0,0,0,0,0,0,0,0,0,0,10,50,0,0
1/23/2013,33,max,100,0,0,5,0,0,0,0,0,0,0,0,0,0,0,0,0,100,50,0,0
1/23/2013,33,frequency,100,0,0,80,0,0,0,0,0,0,0,0,0,0,0,0,0,100,100,0,0
1/23/2013,34,1,100,0,0,5,0,0,0,0,0,0,0,0,0,0,0,0,0,100,67,0,0
1/23/2013,34,2,100,0,0,5,0,0,0,0,0,0,0,0,0,0,0,0,0,100,67,0,0
1/23/2013,34,3,100,0,0,5,0,0,0,0,0,0,0,0,0,0,0,0,0,100,67,0,0
1/23/2013,34,4,100,0,0,5,0,0,0,0,0,0,0,0,0,0,0,0,0,100,67,0,0
1/23/2013,34,5,100,0,0,5,0,0,0,0,0,0,0,0,0,0,0,0,0,100,67,0,0
1/23/2013,34,6,100,0,0,5,0,0,0,0,0,0,0,0,0,0,0,0,0,100,67,0,0
1/23/2013,34,7,100,0,0,5,0,0,0,0,0,0,0,0,0,0,0,0,0,100,67,0,0
1/23/2013,34,8,100,0,0,5,0,0,0,0,0,0,0,0,0,0,0,0,0,100,67,0,0
1/23/2013,34,9,100,0,0,5,0,0,0,0,0,0,0,0,0,0,0,0,0,100,67,0,0
1/23/2013,34,10,100,0,0,5,0,0,0,0,0,0,0,0,0,0,0,0,0,100,67,0,0
1/23/2013,34,11,100,0,0,5,0,0,0,0,0,0,0,0,0,0,0,0,0,100,67,0,0
1/23/2013,34,12,100,0,0,5,0,0,0,0,0,0,0,0,0,0,0,0,0,100,67,0,0
1/23/2013,34,13,100,0,0,5,0,0,0,0,0,0,0,0,0,0,0,0,0,100,67,0,0
1/23/2013,34,14,100,0,0,5,0,0,0,0,0,0,0,0,0,0,0,0,0,100,67,0,0
1/23/2013,34,15,100,0,0,5,0,0,0,0,0,0,0,0,0,0,0,0,0,100,67,0,0
1/23/2013,34,mean,100.0,0.0,0.0,5.0,0.0,0.0,0.0,0.0,0.0,0.0,0.0,0.0,0.0,0.0,0.0,0.0,0.0,100.0,67.0,0.0,0.0
1/23/2013,34,median,100,0,0,5,0,0,0,0,0,0,0,0,0,0,0,0,0,100,67,0,0
1/23/2013,34,min,100,0,0,5,0,0,0,0,0,0,0,0,0,0,0,0,0,100,67,0,0
1/23/2013,34,max,100,0,0,5,0,0,0,0,0,0,0,0,0,0,0,0,0,100,67,0,0
1/23/2013,34,frequency,100,0,0,100,0,0,0,0,0,0,0,0,0,0,0,0,0,100,100,0,0
1/23/2013,35,1,100,0,0,3,0,0,0,0,0,0,0,0,0,0,0,0,0,100,20,0,0
1/23/2013,35,2,75,0,0,25,0,0,0,0,0,0,0,0,0,0,0,0,0,80,20,0,0
1/23/2013,35,3,95,0,0,40,0,0,0,0,0,0,0,0,0,0,0,0,0,95,20,0,0
1/23/2013,35,4,55,0,0,25,0,0,0,0,0,0,0,0,0,0,0,0,0,75,20,0,0
1/23/2013,35,5,90,0,0,30,0,0,0,0,0,0,0,0,0,0,0,0,0,95,20,0,0
1/23/2013,35,6,65,0,0,20,0,0,0,0,0,0,0,0,0,0,0,0,0,75,20,0,0
1/23/2013,35,7,90,0,0,30,0,0,0,0,0,0,0,0,0,0,0,0,0,100,20,0,0
1/23/2013,35,8,50,0,0,20,0,0,0,0,0,0,0,0,0,0,0,0,0,70,20,0,0
1/23/2013,35,9,100,0,0,15,0,0,0,0,0,0,0,0,0,0,0,0,0,100,20,0,0
1/23/2013,35,10,70,0,0,20,0,0,0,0,0,0,0,0,0,0,0,0,0,80,20,0,0
1/23/2013,35,11,80,0,0,15,0,0,0,0,0,0,0,0,0,0,0,0,0,85,20,0,0
1/23/2013,35,12,40,0,0,40,0,0,0,0,0,0,0,0,0,0,0,0,0,70,20,0,0
1/23/2013,35,13,100,0,0,15,0,0,0,0,0,0,0,0,0,0,0,0,0,100,20,0,0
1/23/2013,35,14,60,0,0,25,0,0,0,0,0,0,0,0,0,0,0,0,0,85,20,0,0
1/23/2013,35,15,100,0,0,3,0,0,0,0,0,0,0,0,0,0,0,0,0,100,20,0,0
1/23/2013,35,mean,78.0,0.0,0.0,21.7,0.0,0.0,0.0,0.0,0.0,0.0,0.0,0.0,0.0,0.0,0.0,0.0,0.0,87.3,20.0,0.0,0.0
1/23/2013,35,median,80,0,0,20,0,0,0,0,0,0,0,0,0,0,0,0,0,85,20,0,0
1/23/2013,35,min,40,0,0,3,0,0,0,0,0,0,0,0,0,0,0,0,0,70,20,0,0
1/23/2013,35,max,100,0,0,40,0,0,0,0,0,0,0,0,0,0,0,0,0,100,20,0,0
1/23/2013,35,frequency,100,0,0,100,0,0,0,0,0,0,0,0,0,0,0,0,0,100,100,0,0
NA,36,1,NA,NA,NA,NA,NA,NA,NA,NA,NA,NA,NA,NA,NA,NA,NA,NA,NA,NA,NA,NA,NA
NA,36,2,NA,NA,NA,NA,NA,NA,NA,NA,NA,NA,NA,NA,NA,NA,NA,NA,NA,NA,NA,NA,NA
NA,36,3,NA,NA,NA,NA,NA,NA,NA,NA,NA,NA,NA,NA,NA,NA,NA,NA,NA,NA,NA,NA,NA
NA,36,4,NA,NA,NA,NA,NA,NA,NA,NA,NA,NA,NA,NA,NA,NA,NA,NA,NA,NA,NA,NA,NA
NA,36,5,NA,NA,NA,NA,NA,NA,NA,NA,NA,NA,NA,NA,NA,NA,NA,NA,NA,NA,NA,NA,NA
NA,36,6,NA,NA,NA,NA,NA,NA,NA,NA,NA,NA,NA,NA,NA,NA,NA,NA,NA,NA,NA,NA,NA
NA,36,7,NA,NA,NA,NA,NA,NA,NA,NA,NA,NA,NA,NA,NA,NA,NA,NA,NA,NA,NA,NA,NA
NA,36,8,NA,NA,NA,NA,NA,NA,NA,NA,NA,NA,NA,NA,NA,NA,NA,NA,NA,NA,NA,NA,NA
NA,36,9,NA,NA,NA,NA,NA,NA,NA,NA,NA,NA,NA,NA,NA,NA,NA,NA,NA,NA,NA,NA,NA
NA,36,10,NA,NA,NA,NA,NA,NA,NA,NA,NA,NA,NA,NA,NA,NA,NA,NA,NA,NA,NA,NA,NA
NA,36,11,NA,NA,NA,NA,NA,NA,NA,NA,NA,NA,NA,NA,NA,NA,NA,NA,NA,NA,NA,NA,NA
NA,36,12,NA,NA,NA,NA,NA,NA,NA,NA,NA,NA,NA,NA,NA,NA,NA,NA,NA,NA,NA,NA,NA
NA,36,13,NA,NA,NA,NA,NA,NA,NA,NA,NA,NA,NA,NA,NA,NA,NA,NA,NA,NA,NA,NA,NA
NA,36,14,NA,NA,NA,NA,NA,NA,NA,NA,NA,NA,NA,NA,NA,NA,NA,NA,NA,NA,NA,NA,NA
NA,36,15,NA,NA,NA,NA,NA,NA,NA,NA,NA,NA,NA,NA,NA,NA,NA,NA,NA,NA,NA,NA,NA
NA,36,mean,NA,NA,NA,NA,NA,NA,NA,NA,NA,NA,NA,NA,NA,NA,NA,NA,NA,NA,NA,NA,NA
NA,36,median,NA,NA,NA,NA,NA,NA,NA,NA,NA,NA,NA,NA,NA,NA,NA,NA,NA,NA,NA,NA,NA
NA,36,min,NA,NA,NA,NA,NA,NA,NA,NA,NA,NA,NA,NA,NA,NA,NA,NA,NA,NA,NA,NA,NA
NA,36,max,NA,NA,NA,NA,NA,NA,NA,NA,NA,NA,NA,NA,NA,NA,NA,NA,NA,NA,NA,NA,NA
NA,36,frequency,NA,NA,NA,NA,NA,NA,NA,NA,NA,NA,NA,NA,NA,NA,NA,NA,NA,NA,NA,NA,NA
NA,37,1,NA,NA,NA,NA,NA,NA,NA,NA,NA,NA,NA,NA,NA,NA,NA,NA,NA,NA,NA,NA,NA
NA,37,2,NA,NA,NA,NA,NA,NA,NA,NA,NA,NA,NA,NA,NA,NA,NA,NA,NA,NA,NA,NA,NA
NA,37,3,NA,NA,NA,NA,NA,NA,NA,NA,NA,NA,NA,NA,NA,NA,NA,NA,NA,NA,NA,NA,NA
NA,37,4,NA,NA,NA,NA,NA,NA,NA,NA,NA,NA,NA,NA,NA,NA,NA,NA,NA,NA,NA,NA,NA
NA,37,5,NA,NA,NA,NA,NA,NA,NA,NA,NA,NA,NA,NA,NA,NA,NA,NA,NA,NA,NA,NA,NA
NA,37,6,NA,NA,NA,NA,NA,NA,NA,NA,NA,NA,NA,NA,NA,NA,NA,NA,NA,NA,NA,NA,NA
NA,37,7,NA,NA,NA,NA,NA,NA,NA,NA,NA,NA,NA,NA,NA,NA,NA,NA,NA,NA,NA,NA,NA
NA,37,8,NA,NA,NA,NA,NA,NA,NA,NA,NA,NA,NA,NA,NA,NA,NA,NA,NA,NA,NA,NA,NA
NA,37,9,NA,NA,NA,NA,NA,NA,NA,NA,NA,NA,NA,NA,NA,NA,NA,NA,NA,NA,NA,NA,NA
NA,37,10,NA,NA,NA,NA,NA,NA,NA,NA,NA,NA,NA,NA,NA,NA,NA,NA,NA,NA,NA,NA,NA
NA,37,11,NA,NA,NA,NA,NA,NA,NA,NA,NA,NA,NA,NA,NA,NA,NA,NA,NA,NA,NA,NA,NA
NA,37,12,NA,NA,NA,NA,NA,NA,NA,NA,NA,NA,NA,NA,NA,NA,NA,NA,NA,NA,NA,NA,NA
NA,37,13,NA,NA,NA,NA,NA,NA,NA,NA,NA,NA,NA,NA,NA,NA,NA,NA,NA,NA,NA,NA,NA
NA,37,14,NA,NA,NA,NA,NA,NA,NA,NA,NA,NA,NA,NA,NA,NA,NA,NA,NA,NA,NA,NA,NA
NA,37,15,NA,NA,NA,NA,NA,NA,NA,NA,NA,NA,NA,NA,NA,NA,NA,NA,NA,NA,NA,NA,NA
NA,37,mean,NA,NA,NA,NA,NA,NA,NA,NA,NA,NA,NA,NA,NA,NA,NA,NA,NA,NA,NA,NA,NA
NA,37,median,NA,NA,NA,NA,NA,NA,NA,NA,NA,NA,NA,NA,NA,NA,NA,NA,NA,NA,NA,NA,NA
NA,37,min,NA,NA,NA,NA,NA,NA,NA,NA,NA,NA,NA,NA,NA,NA,NA,NA,NA,NA,NA,NA,NA
NA,37,max,NA,NA,NA,NA,NA,NA,NA,NA,NA,NA,NA,NA,NA,NA,NA,NA,NA,NA,NA,NA,NA
NA,37,frequency,NA,NA,NA,NA,NA,NA,NA,NA,NA,NA,NA,NA,NA,NA,NA,NA,NA,NA,NA,NA,NA
NA,38,1,NA,NA,NA,NA,NA,NA,NA,NA,NA,NA,NA,NA,NA,NA,NA,NA,NA,NA,NA,NA,NA
NA,38,2,NA,NA,NA,NA,NA,NA,NA,NA,NA,NA,NA,NA,NA,NA,NA,NA,NA,NA,NA,NA,NA
NA,38,3,NA,NA,NA,NA,NA,NA,NA,NA,NA,NA,NA,NA,NA,NA,NA,NA,NA,NA,NA,NA,NA
NA,38,4,NA,NA,NA,NA,NA,NA,NA,NA,NA,NA,NA,NA,NA,NA,NA,NA,NA,NA,NA,NA,NA
NA,38,5,NA,NA,NA,NA,NA,NA,NA,NA,NA,NA,NA,NA,NA,NA,NA,NA,NA,NA,NA,NA,NA
NA,38,6,NA,NA,NA,NA,NA,NA,NA,NA,NA,NA,NA,NA,NA,NA,NA,NA,NA,NA,NA,NA,NA
NA,38,7,NA,NA,NA,NA,NA,NA,NA,NA,NA,NA,NA,NA,NA,NA,NA,NA,NA,NA,NA,NA,NA
NA,38,8,NA,NA,NA,NA,NA,NA,NA,NA,NA,NA,NA,NA,NA,NA,NA,NA,NA,NA,NA,NA,NA
NA,38,9,NA,NA,NA,NA,NA,NA,NA,NA,NA,NA,NA,NA,NA,NA,NA,NA,NA,NA,NA,NA,NA
NA,38,10,NA,NA,NA,NA,NA,NA,NA,NA,NA,NA,NA,NA,NA,NA,NA,NA,NA,NA,NA,NA,NA
NA,38,11,NA,NA,NA,NA,NA,NA,NA,NA,NA,NA,NA,NA,NA,NA,NA,NA,NA,NA,NA,NA,NA
NA,38,12,NA,NA,NA,NA,NA,NA,NA,NA,NA,NA,NA,NA,NA,NA,NA,NA,NA,NA,NA,NA,NA
NA,38,13,NA,NA,NA,NA,NA,NA,NA,NA,NA,NA,NA,NA,NA,NA,NA,NA,NA,NA,NA,NA,NA
NA,38,14,NA,NA,NA,NA,NA,NA,NA,NA,NA,NA,NA,NA,NA,NA,NA,NA,NA,NA,NA,NA,NA
NA,38,15,NA,NA,NA,NA,NA,NA,NA,NA,NA,NA,NA,NA,NA,NA,NA,NA,NA,NA,NA,NA,NA
NA,38,mean,NA,NA,NA,NA,NA,NA,NA,NA,NA,NA,NA,NA,NA,NA,NA,NA,NA,NA,NA,NA,NA
NA,38,median,NA,NA,NA,NA,NA,NA,NA,NA,NA,NA,NA,NA,NA,NA,NA,NA,NA,NA,NA,NA,NA
NA,38,min,NA,NA,NA,NA,NA,NA,NA,NA,NA,NA,NA,NA,NA,NA,NA,NA,NA,NA,NA,NA,NA
NA,38,max,NA,NA,NA,NA,NA,NA,NA,NA,NA,NA,NA,NA,NA,NA,NA,NA,NA,NA,NA,NA,NA
NA,38,frequency,NA,NA,NA,NA,NA,NA,NA,NA,NA,NA,NA,NA,NA,NA,NA,NA,NA,NA,NA,NA,NA
NA,39,1,NA,NA,NA,NA,NA,NA,NA,NA,NA,NA,NA,NA,NA,NA,NA,NA,NA,NA,NA,NA,NA
NA,39,2,NA,NA,NA,NA,NA,NA,NA,NA,NA,NA,NA,NA,NA,NA,NA,NA,NA,NA,NA,NA,NA
NA,39,3,NA,NA,NA,NA,NA,NA,NA,NA,NA,NA,NA,NA,NA,NA,NA,NA,NA,NA,NA,NA,NA
NA,39,4,NA,NA,NA,NA,NA,NA,NA,NA,NA,NA,NA,NA,NA,NA,NA,NA,NA,NA,NA,NA,NA
NA,39,5,NA,NA,NA,NA,NA,NA,NA,NA,NA,NA,NA,NA,NA,NA,NA,NA,NA,NA,NA,NA,NA
NA,39,6,NA,NA,NA,NA,NA,NA,NA,NA,NA,NA,NA,NA,NA,NA,NA,NA,NA,NA,NA,NA,NA
NA,39,7,NA,NA,NA,NA,NA,NA,NA,NA,NA,NA,NA,NA,NA,NA,NA,NA,NA,NA,NA,NA,NA
NA,39,8,NA,NA,NA,NA,NA,NA,NA,NA,NA,NA,NA,NA,NA,NA,NA,NA,NA,NA,NA,NA,NA
NA,39,9,NA,NA,NA,NA,NA,NA,NA,NA,NA,NA,NA,NA,NA,NA,NA,NA,NA,NA,NA,NA,NA
NA,39,10,NA,NA,NA,NA,NA,NA,NA,NA,NA,NA,NA,NA,NA,NA,NA,NA,NA,NA,NA,NA,NA
NA,39,11,NA,NA,NA,NA,NA,NA,NA,NA,NA,NA,NA,NA,NA,NA,NA,NA,NA,NA,NA,NA,NA
NA,39,12,NA,NA,NA,NA,NA,NA,NA,NA,NA,NA,NA,NA,NA,NA,NA,NA,NA,NA,NA,NA,NA
NA,39,13,NA,NA,NA,NA,NA,NA,NA,NA,NA,NA,NA,NA,NA,NA,NA,NA,NA,NA,NA,NA,NA
NA,39,14,NA,NA,NA,NA,NA,NA,NA,NA,NA,NA,NA,NA,NA,NA,NA,NA,NA,NA,NA,NA,NA
NA,39,15,NA,NA,NA,NA,NA,NA,NA,NA,NA,NA,NA,NA,NA,NA,NA,NA,NA,NA,NA,NA,NA
NA,39,mean,NA,NA,NA,NA,NA,NA,NA,NA,NA,NA,NA,NA,NA,NA,NA,NA,NA,NA,NA,NA,NA
NA,39,median,NA,NA,NA,NA,NA,NA,NA,NA,NA,NA,NA,NA,NA,NA,NA,NA,NA,NA,NA,NA,NA
NA,39,min,NA,NA,NA,NA,NA,NA,NA,NA,NA,NA,NA,NA,NA,NA,NA,NA,NA,NA,NA,NA,NA
NA,39,max,NA,NA,NA,NA,NA,NA,NA,NA,NA,NA,NA,NA,NA,NA,NA,NA,NA,NA,NA,NA,NA
NA,39,frequency,NA,NA,NA,NA,NA,NA,NA,NA,NA,NA,NA,NA,NA,NA,NA,NA,NA,NA,NA,NA,NA
NA,40,1,NA,NA,NA,NA,NA,NA,NA,NA,NA,NA,NA,NA,NA,NA,NA,NA,NA,NA,NA,NA,NA
NA,40,2,NA,NA,NA,NA,NA,NA,NA,NA,NA,NA,NA,NA,NA,NA,NA,NA,NA,NA,NA,NA,NA
NA,40,3,NA,NA,NA,NA,NA,NA,NA,NA,NA,NA,NA,NA,NA,NA,NA,NA,NA,NA,NA,NA,NA
NA,40,4,NA,NA,NA,NA,NA,NA,NA,NA,NA,NA,NA,NA,NA,NA,NA,NA,NA,NA,NA,NA,NA
NA,40,5,NA,NA,NA,NA,NA,NA,NA,NA,NA,NA,NA,NA,NA,NA,NA,NA,NA,NA,NA,NA,NA
NA,40,6,NA,NA,NA,NA,NA,NA,NA,NA,NA,NA,NA,NA,NA,NA,NA,NA,NA,NA,NA,NA,NA
NA,40,7,NA,NA,NA,NA,NA,NA,NA,NA,NA,NA,NA,NA,NA,NA,NA,NA,NA,NA,NA,NA,NA
NA,40,8,NA,NA,NA,NA,NA,NA,NA,NA,NA,NA,NA,NA,NA,NA,NA,NA,NA,NA,NA,NA,NA
NA,40,9,NA,NA,NA,NA,NA,NA,NA,NA,NA,NA,NA,NA,NA,NA,NA,NA,NA,NA,NA,NA,NA
NA,40,10,NA,NA,NA,NA,NA,NA,NA,NA,NA,NA,NA,NA,NA,NA,NA,NA,NA,NA,NA,NA,NA
NA,40,11,NA,NA,NA,NA,NA,NA,NA,NA,NA,NA,NA,NA,NA,NA,NA,NA,NA,NA,NA,NA,NA
NA,40,12,NA,NA,NA,NA,NA,NA,NA,NA,NA,NA,NA,NA,NA,NA,NA,NA,NA,NA,NA,NA,NA
NA,40,13,NA,NA,NA,NA,NA,NA,NA,NA,NA,NA,NA,NA,NA,NA,NA,NA,NA,NA,NA,NA,NA
NA,40,14,NA,NA,NA,NA,NA,NA,NA,NA,NA,NA,NA,NA,NA,NA,NA,NA,NA,NA,NA,NA,NA
NA,40,15,NA,NA,NA,NA,NA,NA,NA,NA,NA,NA,NA,NA,NA,NA,NA,NA,NA,NA,NA,NA,NA
NA,40,mean,NA,NA,NA,NA,NA,NA,NA,NA,NA,NA,NA,NA,NA,NA,NA,NA,NA,NA,NA,NA,NA
NA,40,median,NA,NA,NA,NA,NA,NA,NA,NA,NA,NA,NA,NA,NA,NA,NA,NA,NA,NA,NA,NA,NA
NA,40,min,NA,NA,NA,NA,NA,NA,NA,NA,NA,NA,NA,NA,NA,NA,NA,NA,NA,NA,NA,NA,NA
NA,40,max,NA,NA,NA,NA,NA,NA,NA,NA,NA,NA,NA,NA,NA,NA,NA,NA,NA,NA,NA,NA,NA
NA,40,frequency,NA,NA,NA,NA,NA,NA,NA,NA,NA,NA,NA,NA,NA,NA,NA,NA,NA,NA,NA,NA,NA
NA,41,1,NA,NA,NA,NA,NA,NA,NA,NA,NA,NA,NA,NA,NA,NA,NA,NA,NA,NA,NA,NA,NA
NA,41,2,NA,NA,NA,NA,NA,NA,NA,NA,NA,NA,NA,NA,NA,NA,NA,NA,NA,NA,NA,NA,NA
NA,41,3,NA,NA,NA,NA,NA,NA,NA,NA,NA,NA,NA,NA,NA,NA,NA,NA,NA,NA,NA,NA,NA
NA,41,4,NA,NA,NA,NA,NA,NA,NA,NA,NA,NA,NA,NA,NA,NA,NA,NA,NA,NA,NA,NA,NA
NA,41,5,NA,NA,NA,NA,NA,NA,NA,NA,NA,NA,NA,NA,NA,NA,NA,NA,NA,NA,NA,NA,NA
NA,41,6,NA,NA,NA,NA,NA,NA,NA,NA,NA,NA,NA,NA,NA,NA,NA,NA,NA,NA,NA,NA,NA
NA,41,7,NA,NA,NA,NA,NA,NA,NA,NA,NA,NA,NA,NA,NA,NA,NA,NA,NA,NA,NA,NA,NA
NA,41,8,NA,NA,NA,NA,NA,NA,NA,NA,NA,NA,NA,NA,NA,NA,NA,NA,NA,NA,NA,NA,NA
NA,41,9,NA,NA,NA,NA,NA,NA,NA,NA,NA,NA,NA,NA,NA,NA,NA,NA,NA,NA,NA,NA,NA
NA,41,10,NA,NA,NA,NA,NA,NA,NA,NA,NA,NA,NA,NA,NA,NA,NA,NA,NA,NA,NA,NA,NA
NA,41,11,NA,NA,NA,NA,NA,NA,NA,NA,NA,NA,NA,NA,NA,NA,NA,NA,NA,NA,NA,NA,NA
NA,41,12,NA,NA,NA,NA,NA,NA,NA,NA,NA,NA,NA,NA,NA,NA,NA,NA,NA,NA,NA,NA,NA
NA,41,13,NA,NA,NA,NA,NA,NA,NA,NA,NA,NA,NA,NA,NA,NA,NA,NA,NA,NA,NA,NA,NA
NA,41,14,NA,NA,NA,NA,NA,NA,NA,NA,NA,NA,NA,NA,NA,NA,NA,NA,NA,NA,NA,NA,NA
NA,41,15,NA,NA,NA,NA,NA,NA,NA,NA,NA,NA,NA,NA,NA,NA,NA,NA,NA,NA,NA,NA,NA
NA,41,mean,NA,NA,NA,NA,NA,NA,NA,NA,NA,NA,NA,NA,NA,NA,NA,NA,NA,NA,NA,NA,NA
NA,41,median,NA,NA,NA,NA,NA,NA,NA,NA,NA,NA,NA,NA,NA,NA,NA,NA,NA,NA,NA,NA,NA
NA,41,min,NA,NA,NA,NA,NA,NA,NA,NA,NA,NA,NA,NA,NA,NA,NA,NA,NA,NA,NA,NA,NA
NA,41,max,NA,NA,NA,NA,NA,NA,NA,NA,NA,NA,NA,NA,NA,NA,NA,NA,NA,NA,NA,NA,NA
NA,41,frequency,NA,NA,NA,NA,NA,NA,NA,NA,NA,NA,NA,NA,NA,NA,NA,NA,NA,NA,NA,NA,NA
1/28/2013,42,1,0,0,0,0,0,0,0,0,0,0,0,0,0,0,0,0,0,0,0,0,0
1/28/2013,42,2,0,0,0,0,0,0,0,0,0,0,0,0,0,0,0,0,0,0,0,0,0
1/28/2013,42,3,0,0,0,0,0,0,0,0,0,0,0,0,0,0,0,0,0,0,0,0,0
1/28/2013,42,4,0,0,0,0,0,0,0,0,0,0,0,0,0,0,0,0,0,0,0,0,0
1/28/2013,42,5,0,0,0,0,0,0,0,0,0,0,0,0,0,0,0,0,0,0,0,0,0
1/28/2013,42,6,0,0,0,0,0,0,0,0,0,0,0,0,0,0,0,0,0,0,0,0,0
1/28/2013,42,7,0,0,0,0,0,0,0,0,0,0,0,0,0,0,0,0,0,0,0,0,0
1/28/2013,42,8,0,0,0,0,0,0,0,0,0,0,0,0,0,0,0,0,0,0,0,0,0
1/28/2013,42,9,0,0,0,0,0,0,0,0,0,0,0,0,0,0,0,0,0,0,0,0,0
1/28/2013,42,10,0,0,0,0,0,0,0,0,0,0,0,0,0,0,0,0,0,0,0,0,0
1/28/2013,42,11,0,0,0,0,0,0,0,0,0,0,0,0,0,0,0,0,0,0,0,0,0
1/28/2013,42,12,0,0,0,0,0,0,0,0,0,0,0,0,0,0,0,0,0,0,0,0,0
1/28/2013,42,13,0,0,0,0,0,0,0,0,0,0,0,0,0,0,0,0,0,0,0,0,0
1/28/2013,42,14,0,0,0,0,0,0,0,0,0,0,0,0,0,0,0,0,0,0,0,0,0
1/28/2013,42,15,0,0,0,0,0,0,0,0,0,0,0,0,0,0,0,0,0,0,0,0,0
1/28/2013,42,mean,0.0,0.0,0.0,0.0,0.0,0.0,0.0,0.0,0.0,0.0,0.0,0.0,0.0,0.0,0.0,0.0,0.0,0.0,0.0,0.0,0.0
1/28/2013,42,median,0,0,0,0,0,0,0,0,0,0,0,0,0,0,0,0,0,0,0,0,0
1/28/2013,42,min,0,0,0,0,0,0,0,0,0,0,0,0,0,0,0,0,0,0,0,0,0
1/28/2013,42,max,0,0,0,0,0,0,0,0,0,0,0,0,0,0,0,0,0,0,0,0,0
1/28/2013,42,frequency,0,0,0,0,0,0,0,0,0,0,0,0,0,0,0,0,0,0,0,0,0
1/28/2013,43,1,0,0,0,0,0,0,0,0,0,0,0,0,0,0,0,0,0,0,0,0,0
1/28/2013,43,2,0,0,0,0,0,0,0,0,0,0,0,0,0,0,0,0,0,0,0,0,0
1/28/2013,43,3,0,0,0,0,0,0,0,0,0,0,0,0,0,0,0,0,0,0,0,0,0
1/28/2013,43,4,0,0,0,0,0,0,0,0,0,0,0,0,0,0,0,0,0,0,0,0,0
1/28/2013,43,5,0,0,0,0,0,0,0,0,0,0,0,0,0,0,0,0,0,0,0,0,0
1/28/2013,43,6,0,0,0,0,0,0,0,0,0,0,0,0,0,0,0,0,0,0,0,0,0
1/28/2013,43,7,0,0,0,0,0,0,0,0,0,0,0,0,0,0,0,0,0,0,0,0,0
1/28/2013,43,8,0,0,0,0,0,0,0,0,0,0,0,0,0,0,0,0,0,0,0,0,0
1/28/2013,43,9,0,0,0,0,0,0,0,0,0,0,0,0,0,0,0,0,0,0,0,0,0
1/28/2013,43,10,0,0,0,0,0,0,0,0,0,0,0,0,0,0,0,0,0,0,0,0,0
1/28/2013,43,11,0,0,0,0,0,0,0,0,0,0,0,0,0,0,0,0,0,0,0,0,0
1/28/2013,43,12,0,0,0,0,0,0,0,0,0,0,0,0,0,0,0,0,0,0,0,0,0
1/28/2013,43,13,0,0,0,0,0,0,0,0,0,0,0,0,0,0,0,0,0,0,0,0,0
1/28/2013,43,14,0,0,0,0,0,0,0,0,0,0,0,0,0,0,0,0,0,0,0,0,0
1/28/2013,43,15,0,0,0,0,0,0,0,0,0,0,0,0,0,0,0,0,0,0,0,0,0
1/28/2013,43,mean,0.0,0.0,0.0,0.0,0.0,0.0,0.0,0.0,0.0,0.0,0.0,0.0,0.0,0.0,0.0,0.0,0.0,0.0,0.0,0.0,0.0
1/28/2013,43,median,0,0,0,0,0,0,0,0,0,0,0,0,0,0,0,0,0,0,0,0,0
1/28/2013,43,min,0,0,0,0,0,0,0,0,0,0,0,0,0,0,0,0,0,0,0,0,0
1/28/2013,43,max,0,0,0,0,0,0,0,0,0,0,0,0,0,0,0,0,0,0,0,0,0
1/28/2013,43,frequency,0,0,0,0,0,0,0,0,0,0,0,0,0,0,0,0,0,0,0,0,0
1/28/2013,44,1,100,0,0,0,0,0,0,0,0,0,0,0,0,0,0,0,0,100,60,0,0
1/28/2013,44,2,100,0,0,0,0,0,0,0,0,0,0,0,0,0,0,0,0,100,60,0,0
1/28/2013,44,3,100,0,0,0,0,0,0,0,0,0,0,0,0,0,0,0,0,100,60,0,0
1/28/2013,44,4,100,0,0,0,0,0,0,0,0,0,0,0,0,0,0,0,0,100,60,0,0
1/28/2013,44,5,100,0,0,0,0,0,0,0,0,0,0,0,0,0,0,0,0,100,60,0,0
1/28/2013,44,6,100,0,0,0,0,0,0,0,0,0,0,0,0,0,0,0,0,100,60,0,0
1/28/2013,44,7,100,0,0,0,0,0,0,0,0,0,0,0,0,0,0,0,0,100,60,0,0
1/28/2013,44,8,100,0,0,0,0,0,0,0,0,0,0,0,0,0,0,0,0,100,60,0,0
1/28/2013,44,9,100,0,0,0,0,0,0,0,0,0,0,0,0,0,0,0,0,100,60,0,0
1/28/2013,44,10,100,0,0,0,0,0,0,0,0,0,0,0,0,0,0,0,0,100,60,0,0
1/28/2013,44,11,100,0,0,0,0,0,0,0,0,0,0,0,0,0,0,0,0,100,60,0,0
1/28/2013,44,12,100,0,0,0,0,0,0,0,0,0,0,0,0,0,0,0,0,100,60,0,0
1/28/2013,44,13,100,0,0,0,0,0,0,0,0,0,0,0,0,0,0,0,0,100,60,0,0
1/28/2013,44,14,100,0,0,0,0,0,0,0,0,0,0,0,0,0,0,0,0,100,60,0,0
1/28/2013,44,15,100,0,0,0,0,0,0,0,0,0,0,0,0,0,0,0,0,100,60,0,0
1/28/2013,44,mean,100.0,0.0,0.0,0.0,0.0,0.0,0.0,0.0,0.0,0.0,0.0,0.0,0.0,0.0,0.0,0.0,0.0,100.0,60.0,0.0,0.0
1/28/2013,44,median,100,0,0,0,0,0,0,0,0,0,0,0,0,0,0,0,0,100,60,0,0
1/28/2013,44,min,100,0,0,0,0,0,0,0,0,0,0,0,0,0,0,0,0,100,60,0,0
1/28/2013,44,max,100,0,0,0,0,0,0,0,0,0,0,0,0,0,0,0,0,100,60,0,0
1/28/2013,44,frequency,100,0,0,0,0,0,0,0,0,0,0,0,0,0,0,0,0,100,100,0,0
1/28/2013,45,1,0,0,0,0,0,0,0,0,0,0,0,0,0,0,0,0,0,0,40,0,0
1/28/2013,45,2,0,0,0,0,0,0,0,0,0,0,0,0,0,0,0,0,0,0,40,0,0
1/28/2013,45,3,0,0,0,0,0,0,0,0,0,0,0,0,0,0,0,0,0,0,40,0,0
1/28/2013,45,4,0,0,0,0,0,0,0,0,0,0,0,0,0,0,0,0,0,0,40,0,0
1/28/2013,45,5,0,0,0,0,0,0,0,0,0,0,0,0,0,0,0,0,0,0,40,0,0
1/28/2013,45,6,100,0,0,0,0,0,0,0,0,0,0,0,0,0,0,0,0,0,40,0,0
1/28/2013,45,7,5,0,0,0,0,0,0,0,0,0,0,0,0,0,0,0,0,0,40,0,0
1/28/2013,45,8,0,0,0,0,0,0,0,0,0,0,0,0,0,0,0,0,0,0,40,0,0
1/28/2013,45,9,0,0,0,0,0,0,0,0,0,0,0,0,0,0,0,0,0,0,40,0,0
1/28/2013,45,10,0,0,0,0,0,0,0,0,0,0,0,0,0,0,0,0,0,0,40,0,0
1/28/2013,45,11,0,0,0,0,0,0,0,0,0,0,0,0,0,0,0,0,0,0,40,0,0
1/28/2013,45,12,0,0,0,0,0,0,0,0,0,0,0,0,0,0,0,0,0,0,40,0,0
1/28/2013,45,13,0,0,0,0,0,0,0,0,0,0,0,0,0,0,0,0,0,0,40,0,0
1/28/2013,45,14,0,0,0,0,0,0,0,0,0,0,0,0,0,0,0,0,0,0,40,0,0
1/28/2013,45,15,0,0,0,0,0,0,0,0,0,0,0,0,0,0,0,0,0,0,40,0,0
1/28/2013,45,mean,7.0,0.0,0.0,0.0,0.0,0.0,0.0,0.0,0.0,0.0,0.0,0.0,0.0,0.0,0.0,0.0,0.0,0.0,40.0,0.0,0.0
1/28/2013,45,median,0,0,0,0,0,0,0,0,0,0,0,0,0,0,0,0,0,0,40,0,0
1/28/2013,45,min,0,0,0,0,0,0,0,0,0,0,0,0,0,0,0,0,0,0,40,0,0
1/28/2013,45,max,100,0,0,0,0,0,0,0,0,0,0,0,0,0,0,0,0,0,40,0,0
1/28/2013,45,frequency,13,0,0,0,0,0,0,0,0,0,0,0,0,0,0,0,0,0,100,0,0
